id,y
1,77.58438643360442
2,93.45086030669654
3,77.44763064943704
4,76.64383866357078
5,112.57335012130291
8,92.58803540194609
10,112.27144765956102
11,95.04463019485456
12,117.33167121158425
14,96.60061129624714
15,117.22344150338898
16,106.89718208454782
17,94.28234406489821
19,97.03967164654416
20,108.59452555530689
21,94.29534932058931
22,117.92986020913342
23,94.17411435670294
26,97.7370290802918
28,93.33686765934138
29,94.17411435670294
33,94.17411435670294
35,96.89916337253688
41,94.06588464850766
42,93.38686175212352
43,117.71409572671448
45,106.85230323806304
46,105.02758289018747
51,94.83589563036296
53,80.87053441642792
55,114.07141656340842
56,94.78948845727977
57,106.68630199809573
58,96.37299251793952
59,107.96284762679294
63,111.37918816086997
64,97.21254307048932
65,108.14637305657602
69,96.5428517169283
71,98.12650348883327
72,105.98263418697317
73,96.12090172812024
76,107.69660602499934
77,107.07887561473959
78,115.70074615191479
82,96.14366092557965
83,108.14637305657602
84,97.08167707222579
85,104.91008569448225
87,111.41856141447136
88,94.06588464850766
89,111.92088949276061
91,95.20937307627206
93,96.42327285098828
94,106.85818009097042
95,95.73156069829926
96,112.97629986590533
97,93.03607758426887
98,111.50997135210847
99,95.00648428447445
101,106.44143829715722
103,111.92088949276061
104,93.58071831581255
105,111.20807402181184
110,98.0290381964996
111,111.04172579251454
113,111.27398309518126
114,91.90102088278694
115,113.93208313948568
117,111.92088949276061
120,91.9614688053395
121,112.56587905126459
122,92.75116451172077
123,112.99211880798781
126,112.85560346117359
132,113.56130663853304
135,108.02696383729972
137,106.71753980873599
138,97.93470051845844
140,94.78948845727977
142,113.68028527641323
144,113.46007414380855
148,91.96109346725049
149,112.59081124083316
155,93.75070838874456
156,112.2817682502487
157,93.03607758426887
162,112.26671795040025
163,96.70810102626855
167,91.54217492039032
172,117.71409572671448
179,112.43938756123575
180,92.8259658431853
181,110.73282680652208
182,97.34904832313376
183,111.92088949276061
185,111.92088949276061
187,112.35261710381573
188,96.14366092557965
189,95.88348786170783
191,93.06790254781725
192,114.95513378372755
193,95.8429781904652
194,111.80870346679527
195,91.42893275828428
196,112.56634503177523
198,98.60505344559398
199,113.4579282241109
201,107.77894471278975
204,97.95745971591786
205,106.53806078054988
206,96.05793849250229
210,95.94620134347683
211,106.44143829715722
216,113.06004819972691
219,117.00698208699842
220,94.6864055323762
221,110.71982155083099
226,110.73282680652208
227,92.20863476622552
228,112.71581076351846
230,112.02560844464456
231,93.03607758426887
235,117.71340079274287
236,95.34014607221353
238,111.90258445680296
242,106.54738781377227
243,95.20937307627206
244,79.55863466889076
245,113.33194466982133
247,111.38854976917212
248,92.29116145621775
249,92.8665194239148
250,111.97864082646278
251,95.34014607221353
253,117.71340079274287
254,92.82051826446295
256,96.50021358009565
257,92.70424828582311
258,113.46976341001867
259,95.00648428447445
262,80.07006387843676
266,93.46344751005203
267,111.6018084167148
272,105.51491352353335
273,111.92088949276061
275,93.32055207505076
276,114.35241956982158
279,96.56259785421643
280,108.14637305657602
283,92.56332100150352
285,112.71581076351846
288,111.92088949276061
289,97.34733063438638
290,107.77894471278975
291,96.80081427762238
292,111.7325159229121
293,111.2897744680221
296,93.63276680125601
297,112.19340560542209
298,115.59251644371952
299,96.03543121738439
304,92.83212233095814
305,98.14757652658425
306,96.07730700410659
307,110.6245970983268
311,113.32591878978684
313,110.6245970983268
314,91.86366752031753
316,95.45857240666102
324,94.97259822831909
327,96.14556642474477
329,93.27513034206706
330,111.7004737586
337,108.1139202396784
338,98.01911339157918
339,107.94197241434989
340,97.01975458002721
343,91.91712970300475
345,116.89875237880315
346,91.5312016279589
347,111.59540155292615
349,115.89291087706647
350,90.65123842578373
352,112.13601432289533
353,91.29948128277566
354,80.14422800070395
357,95.74352164368489
358,111.35174498709397
362,112.39989338500945
364,118.21959512937919
365,107.09318865292727
366,97.34644296975917
367,111.79382085814582
368,97.22414447287106
370,80.75156822392144
373,96.25086326778444
377,92.8441992946936
378,111.91217677418852
382,107.58837631680407
384,112.60758105532318
390,95.75457900450048
392,112.5936707762992
393,112.1448091755552
395,97.54740118528746
396,108.71605030635347
399,80.09814329824287
406,110.6245970983268
408,110.6245970983268
409,92.76391422632967
410,79.42063799735462
412,112.50401648669586
413,92.01457168423929
419,95.63496883959016
420,111.13801835010777
421,91.975555917166
430,102.74365365524098
434,95.371148528622
436,97.51132604636858
437,94.5385968614771
438,92.01457168423929
439,112.29575087729664
440,95.22136937940331
443,112.71053642941905
446,97.44523776368695
448,95.89659903957327
452,96.02430144746444
453,106.96330417788448
457,107.33944712434543
458,95.18960105718084
459,116.21679601456934
460,105.5345187580642
462,107.09415809583508
464,105.43931765938187
465,116.89875237880315
467,117.07582602739402
471,111.35162424816852
472,79.2796360411898
473,92.11252314619755
475,97.75296321925985
480,95.8105977035433
488,111.25216789649535
490,110.6245970983268
491,106.35921910034412
492,80.01263050689595
493,95.68824930699775
497,90.84887891817901
498,112.01600401857985
499,96.44571097374146
500,105.0494518734832
501,95.18960105718084
502,110.38386830398885
506,79.99872707254076
510,110.60586547952336
511,91.2176925054649
512,93.27513034206706
516,92.32636738815529
518,92.46138657887848
519,111.6149094364628
521,91.16611402316704
522,110.62135433869295
526,112.09865092510233
529,96.12035868793684
532,111.52439858784892
533,96.62352173404282
536,113.20730660350846
537,97.57593430759898
539,96.01267201992496
540,106.33320858896194
541,97.8323432914786
543,95.77525815351255
546,112.2647659327456
547,95.27587670491263
548,81.12547481155005
551,95.21233283574817
552,105.08358559811518
556,108.2388296985581
557,98.08089380533934
558,111.79382085814582
559,97.71451801359247
560,106.41819322286842
562,106.4298310723546
566,97.33401286080033
570,112.01600401857985
571,94.5385968614771
572,108.03814334838076
573,96.03543121738439
575,116.89875237880315
576,111.53114222903193
577,90.49796674263013
579,91.77532870697075
580,110.81275371724692
581,113.45307693033777
589,110.6245970983268
591,106.48191951294055
593,96.95273598648647
594,107.76092581405112
595,95.02270343629976
598,95.21233283574817
602,111.76323013878252
604,113.03373022637729
606,112.68610681896669
608,97.36920216721857
609,106.33320858896194
610,94.72766592216769
616,111.6246633782311
617,96.94410154101178
618,105.82655861160544
620,107.20117485738669
622,113.30917526004079
623,91.77815544439805
624,116.78503105442816
626,111.34539714136336
628,112.04115551618116
629,92.11073279006317
630,111.91737873644928
637,98.40139104961588
638,108.16199816148936
643,95.97843349482325
645,95.8105977035433
646,117.74103254831844
648,98.09539994905884
652,97.04868908558556
653,94.5385968614771
654,112.01600401857985
656,113.0472251035409
657,91.42204940329668
659,98.14830075382658
660,106.84372559874285
663,92.47403509057293
664,112.22931798994273
666,106.61150584345863
668,110.90058867839475
669,95.99451143535386
671,98.03923225069869
675,92.47062065824286
677,94.94659258880348
678,112.93839118641128
679,109.03803966694123
682,96.81763024073777
685,107.14597784531824
687,97.54084454612246
688,92.03955672823014
693,111.65234398455877
696,96.03733671654949
698,96.17235866902534
701,97.27627509625795
704,106.98470737334267
705,116.85229763514056
709,112.32653654150693
710,95.83952593410429
711,108.24298948215952
712,96.08675263761376
714,110.79754160166084
715,92.51071278906922
716,110.51636739013153
717,93.87646268562287
720,116.79052267060787
721,92.85144313142669
724,106.69647710469286
725,97.71824110206789
726,111.80502723369196
728,110.8818225990958
731,92.00022752572556
734,106.78836969104447
738,93.45448287998965
745,111.44485052699113
746,93.16690063387178
751,78.972409317453
754,92.57514910363788
756,92.25802174647345
758,94.6170943531266
759,112.88443297692343
761,117.49694137635231
766,96.25427690325962
767,113.7186171073114
768,91.66992573620277
769,112.51923524116032
770,96.17621776665585
771,79.90440079870066
772,105.7884469907615
773,95.10410312755289
774,111.6224505351698
776,112.49935134712791
777,94.72405457455736
780,117.49763631032393
782,106.22497888076667
787,106.31143759017925
788,95.9044423117297
792,91.66992573620277
793,111.64172535432287
798,95.55378934760412
800,91.25027982401406
806,110.51636739013153
809,112.34570544245423
811,111.71251901092435
812,90.93302604429074
814,116.79052267060787
816,106.88375611702669
817,97.70811114980381
818,113.02631755556219
820,111.28384511624655
823,95.08137134898556
829,91.40535450589049
830,112.90336140375044
831,90.47376274531399
834,111.13084510443888
839,96.74582217517768
841,79.3352910225093
844,106.22497888076667
845,94.6194362139724
848,92.72389262276288
850,95.54037342988354
851,105.42628904986893
852,97.36258079323768
854,94.80112869271255
855,97.27628055187334
856,107.49729113467406
859,105.07094024611958
861,111.6224505351698
864,95.49303272071222
865,111.6224505351698
866,92.0615378098982
867,91.52032031515338
869,95.94436753187993
871,90.59371307316034
872,110.51636739013153
882,106.43585477966171
883,95.26291882042673
885,97.33020520371448
888,96.03733671654949
893,110.21439703491913
901,112.830161478216
903,106.25098939214885
904,96.21286412789138
905,105.79989419242816
910,95.70236799534803
911,112.41517277215881
914,113.09907689531319
918,111.84157379270133
921,91.62101820082924
928,96.27816901558855
929,105.73058448724926
932,97.15111102247855
933,106.92312674190543
934,95.70236799534803
935,110.94560188413496
937,79.21641821445095
939,95.9272015091891
940,105.95871667429805
941,96.08850861785969
942,106.37109887056933
943,96.31661193911293
944,105.04791690902157
947,110.51636739013153
949,111.6614504099694
951,110.88289501009147
952,96.5642281557193
953,106.25098939214885
954,79.25459095985852
957,112.80841219585906
959,92.73542799201712
960,117.16214162754727
963,116.79052267060787
965,110.51636739013153
967,106.9034573724706
971,95.6431865898148
972,79.18541908121156
973,97.06798358190626
974,112.39752850272129
975,95.91282042534638
978,119.61910206154087
980,112.29480072752875
981,96.39176187951594
984,113.09907689531319
986,95.70236799534803
988,91.66992573620277
989,112.3403892691257
990,106.59665159212521
992,112.830161478216
996,94.43036715328184
999,112.82605698385137
1000,95.00773908070846
1001,111.6224505351698
1002,91.51853775265985
1003,112.49935134712791
1004,91.85432095327964
1008,111.2171186609094
1009,97.1058939547544
1010,108.25906929752028
1012,116.82279955746921
1013,91.05724112087844
1014,111.25556856626218
1015,90.90179604583453
1016,116.79052267060787
1019,91.40626487992867
1020,112.00256911706883
1021,95.70236799534803
1022,106.70815807690194
1024,95.70236799534803
1025,79.39548499208442
1027,96.22969130709471
1028,105.13329139884438
1029,96.02108761882975
1030,97.06658684781965
1033,112.910236627203
1036,92.08842130605395
1037,110.98680523747407
1038,92.31515131951498
1042,95.9272015091891
1043,106.87513544324399
1044,95.61976205813376
1045,111.98459015313733
1047,115.96590441876668
1050,95.66702844531729
1051,110.21439703491913
1054,95.08137134898556
1056,96.39176187951594
1057,95.26291882042673
1059,96.0902929623612
1062,101.10918568694977
1063,105.5458115691571
1064,96.39176187951594
1066,95.10085181363011
1070,106.95957003698845
1076,111.68431305782327
1077,95.95483897038778
1078,113.13964596331371
1080,111.77285371413284
1082,114.39285275728275
1083,96.03733671654949
1089,113.3278634397351
1091,95.92910700835421
1093,97.20601914983698
1097,96.66124843996084
1099,90.36871042865673
1101,95.59413828715275
1103,95.52976442436687
1104,111.2219860906054
1106,111.81805592290122
1109,93.23764098028423
1110,111.48401434220943
1111,96.5562728931025
1112,113.7201576614103
1114,94.51120650577714
1116,94.04097720706673
1117,111.25964173568016
1120,90.95176694372987
1124,112.23606649649068
1125,92.8677822424036
1126,111.21226066416598
1134,111.41951595763331
1137,92.02221993229853
1138,111.63410519419745
1144,110.55079956954364
1145,94.8062440199092
1146,91.64720810392697
1148,95.80459071715111
1150,90.95176694372987
1152,106.11674917257139
1153,95.78470473301257
1154,105.82061137434448
1155,95.81897180099382
1157,91.92764700458491
1162,95.81897180099382
1165,112.83126874431268
1166,95.43383449850678
1167,106.74301326960368
1168,95.73680017476013
1169,104.96271053792431
1171,117.38871166815704
1172,97.8644343889488
1173,104.96271053792431
1174,96.27578233676296
1176,97.5061421952208
1177,105.3473211669786
1178,95.52706222729434
1182,111.77653986811322
1186,95.59413828715275
1187,113.07804395732568
1188,92.54183029932896
1189,117.38940660212864
1191,107.81517557128124
1192,95.96163368860121
1197,111.08015459984567
1198,91.70537720457189
1200,79.07718937301628
1201,95.80784203107387
1203,96.8504785657695
1209,116.68229296241259
1214,105.46743560922769
1218,111.16198399425485
1222,93.37251185763131
1226,97.84425378516748
1228,95.54082936283496
1230,91.80858621000934
1232,79.06416037377554
1233,92.53242504378743
1236,115.8576747105714
1238,95.00207813996184
1241,110.55079956954364
1244,106.70108366979665
1246,93.5151737452387
1247,112.71176424267883
1250,112.23612145694996
1251,91.61534752527437
1254,111.73334408450604
1255,95.67927520314466
1256,111.88702524255567
1257,93.2493915792536
1258,91.57771481434307
1259,110.55079956954364
1260,97.15371527994763
1263,110.40813768193625
1267,79.59005603503357
1268,111.77839124953155
1271,95.96163368860121
1272,110.10616732672386
1274,107.29756145841208
1275,95.81897180099382
1276,110.10616732672386
1277,92.16790584424643
1279,91.64720810392697
1281,95.5532069939129
1282,92.54183029932896
1283,111.81046223871853
1285,111.66497856507121
1286,92.52911756887553
1289,112.1211103990591
1296,113.02585299325304
1299,90.80910505612248
1301,94.32213744508655
1306,91.52785404970727
1307,96.2936988378194
1308,91.36061770306429
1313,110.10616732672386
1314,96.56631538714801
1315,111.48401434220943
1316,92.5520386166135
1317,110.10616732672386
1319,92.6156629145676
1323,95.29216793194036
1324,107.61784195512426
1325,95.46222665781775
1328,107.08258664189906
1329,96.3301211392311
1330,111.51422082697452
1331,95.12802687620855
1332,105.06630539093287
1337,96.17692179720024
1338,111.90145086766061
1339,90.94965460677648
1340,112.93761953113084
1343,112.32165356167629
1347,104.64125466540591
1348,96.19956211885817
1349,107.29198183943036
1352,91.5389783957317
1354,97.20248302309017
1359,111.45213264487906
1360,95.18393822374507
1363,109.99793761852858
1364,95.82087730015894
1365,107.05395052512571
1366,96.85674364993409
1372,96.95938492346383
1375,107.3053131838323
1376,95.18912129164356
1378,90.3508843576667
1379,112.64810244960779
1380,95.48590857895746
1381,104.85448082972903
1384,114.26592777176168
1387,90.7008753479272
1388,111.55290664798923
1392,79.7277056149176
1394,106.24385853598662
1395,96.72475189824803
1396,110.29990797374097
1398,96.64653860490166
1399,110.29990797374097
1400,92.5210411059599
1401,93.95328921918993
1403,97.80346008177415
1404,114.07489028939443
1406,110.29990797374097
1407,94.54563868518925
1408,110.29990797374097
1410,79.48182632683829
1412,110.29990797374097
1413,97.12054863910112
1415,96.69506545544138
1420,110.29990797374097
1422,111.05375428605959
1423,109.22858872357438
1424,110.29990797374097
1425,98.51724393588562
1426,79.48182632683829
1427,96.74224885757422
1429,90.11511036021807
1430,110.95888225031378
1431,97.05982113548279
1432,104.02894158182178
1434,111.47887570688572
1437,95.83064478294652
1438,107.42913360131487
1440,112.668421777876
1441,111.24845512537065
1442,95.41883251909906
1444,111.77547515883023
1445,96.83772734304877
1446,106.1511813519835
1448,91.4967451386915
1453,93.25233195778472
1454,110.29990797374097
1455,95.85340398040594
1456,113.36091977716382
1458,110.29990797374097
1459,92.38401567833921
1461,95.57162396151736
1465,90.7008753479272
1466,111.05548928518931
1469,95.18393822374507
1472,93.25233195778472
1474,94.91693295535937
1477,111.67832380816812
1479,110.88913589820663
1482,91.61302016878314
1483,78.9754385491169
1487,96.01323189070416
1488,111.69131489399402
1490,111.42904100099307
1492,112.89084613898093
1494,117.28117689393338
1496,106.97369794972329
1497,96.96496979711078
1499,97.90124470725571
1502,94.88307573004708
1507,114.73789441118562
1508,91.5389783957317
1509,110.88913589820663
1511,92.95044121748123
1512,110.60424612510627
1513,115.41048920674108
1514,106.36743823229355
1518,111.97106175271081
1519,91.68988255965346
1522,111.71091033565145
1524,78.968959664821
1527,95.41883251909906
1529,91.88532370781044
1532,107.21484220414246
1536,111.84647971084478
1537,116.57406325421732
1539,108.16485240885272
1542,111.36023254764416
1543,95.18912129164356
1544,106.88353568198094
1545,79.16406839591971
1550,95.18912129164356
1551,110.41217787047576
1554,106.24780383537616
1556,106.0085194643761
1559,93.14116187105832
1560,78.968959664821
1562,95.95975835026529
1566,91.83413582974104
1567,111.59268961186345
1569,106.86444134854116
1570,113.61192795321502
1571,111.43534050220498
1574,91.5389783957317
1578,106.0085194643761
1580,91.13430056629723
1583,111.37886674126912
1584,91.5389783957317
1585,110.55052667759746
1586,91.94482422910225
1587,112.28289193073736
1588,91.40455878443868
1590,114.7300810123788
1592,106.43546451242179
1596,113.97539000549378
1598,110.81956061942364
1599,94.54563868518925
1604,118.67973227754798
1606,105.3428911171133
1607,97.12054863910112
1608,106.83011080988177
1609,117.28048195996176
1611,96.46741982152272
1613,96.12967902143532
1616,97.02753533268836
1619,113.37446517741895
1620,92.01288472145022
1621,111.57148846842848
1622,95.41245105715615
1625,112.61370206182545
1627,117.28048195996176
1629,111.72793414691589
1634,96.93341949953297
1636,94.88439239723957
1638,106.74213115760362
1639,96.4849659748272
1641,96.88491074518161
1643,95.77771795168294
1644,106.4522473930845
1645,117.28117689393338
1646,94.88908905554895
1647,106.10514194776877
1648,96.3658050697156
1652,91.13430056629723
1653,112.0694414982247
1656,93.33729743950009
1658,94.54563868518925
1659,111.37578463401417
1661,94.65890282664455
1663,97.12054863910112
1664,111.25156240415933
1665,95.85340398040594
1666,106.0085194643761
1667,106.13581709407093
1668,80.26666311344448
1669,106.40249768903796
1670,95.77446663776017
1672,112.71328509434909
1674,111.03910914987163
1677,111.69131489399402
1678,91.71928221149035
1679,110.72204572313285
1680,92.0514748936481
1683,105.48161193163098
1686,106.68770005735828
1687,111.05375428605959
1689,111.46913173355999
1690,92.91142545040796
1691,116.57406325421732
1692,112.94613519979234
1693,91.5389783957317
1695,95.59323091653411
1696,93.25233195778472
1697,111.37578463401417
1700,106.0085194643761
1701,96.22318842239301
1702,112.32346575183507
1703,91.73879009502699
1704,111.57607725022775
1706,96.14062731370575
1707,112.88261747892263
1708,96.17530246312538
1710,96.89270881200659
1711,104.83145749263102
1713,107.03974639160542
1717,104.25692360168554
1719,106.0085194643761
1720,94.59765970795361
1722,96.24295029558095
1725,106.39150417152742
1726,96.17530246312538
1727,106.72453412762404
1729,111.44985300998944
1730,91.41962434151199
1731,112.76517897501436
1733,106.0085194643761
1734,96.10028840797357
1735,111.05375428605959
1738,96.12967902143532
1742,94.86495422706403
1745,111.03910914987163
1747,96.22318842239301
1749,96.53103510178587
1751,96.30650841504684
1752,78.87373521231682
1753,105.9883825439518
1754,95.53823888002987
1755,97.32004438647874
1756,106.99361701005733
1758,112.8806481787661
1759,95.74517427221066
1760,107.23779617181337
1761,112.82145787963613
1762,91.93844117216479
1763,111.52291606606772
1764,95.27654077549099
1766,95.90317492076683
1768,95.94247218814665
1769,79.33458085156974
1771,110.58143089454185
1772,94.96737640340925
1773,104.72973041228128
1774,96.6152626662818
1775,112.67429591281892
1777,111.818692159863
1779,95.74517427221066
1780,107.60522451559964
1787,91.63056038683172
1788,95.18254212327243
1790,96.1557525171137
1796,111.38263705926155
1801,91.28289811043685
1803,96.25757536152032
1807,111.79731533683552
1809,113.09748466748366
1812,94.68805468561337
1813,112.08784682632078
1814,92.3316951163762
1815,111.8830499221237
1816,93.74810152336765
1818,90.8235366120378
1820,91.99396743741663
1821,115.64121529418085
1822,96.84988563579945
1825,95.42440554603621
1826,104.62140494002911
1828,95.76875757068466
1831,106.00428515887036
1836,113.95031597334113
1837,95.92157227813037
1841,94.80870324716409
1844,106.06200593585054
1848,94.94630307477651
1851,108.05662270065746
1852,95.71264759196366
1853,91.50922965888844
1854,109.61966921821669
1856,95.82159505306015
1859,113.09748466748366
1860,96.34655629492077
1861,78.9591104690051
1863,104.91042511866517
1865,95.76381949327386
1866,108.44757398927028
1867,95.69875006879262
1868,91.63056038683172
1872,95.90343180079864
1879,95.22364674429222
1880,104.36893715350587
1882,95.12711275989136
1885,105.3733822234357
1887,103.62443336066575
1888,96.20299470081699
1890,112.62184645199096
1894,96.02144931324004
1895,106.04900068015944
1896,96.997499802647
1897,112.27364869168537
1900,111.09183220016676
1901,93.03293216286303
1902,113.78318372936711
1905,91.1955053198224
1906,110.67578051410496
1912,105.92630026756302
1915,96.3790694341485
1916,106.92020468761739
1917,96.08114858361282
1918,104.74598698189514
1920,79.05700424947769
1923,94.56382946179573
1924,104.69615186458724
1925,96.1557525171137
1930,117.1722522517665
1932,110.1916782655457
1933,95.13814424157081
1934,111.91800665144672
1935,93.03293216286303
1940,79.373596618643
1941,94.98898917806181
1942,110.31518522017737
1943,93.26136510085875
1944,91.56842567384611
1945,112.93633915282479
1948,116.46583354602204
1949,92.67519904173895
1952,95.28370274182548
1954,91.43074868753642
1955,110.1916782655457
1958,93.0163445523625
1959,78.91707599091947
1960,111.52291606606772
1963,96.84988563579945
1965,95.31726983254809
1968,105.89724921218797
1969,95.71264759196366
1971,96.567387464392
1972,111.23091807185202
1973,91.51573228673399
1975,91.54263708438489
1977,96.70083493891994
1978,94.21683310788174
1979,110.80481939756764
1981,91.64445992879153
1982,111.10840226438322
1987,111.50232606835186
1988,91.72590612154576
1993,97.96115554581631
1997,95.19450830016225
1999,96.27724658974188
2001,96.02144931324004
2002,115.63146135241253
2003,92.5210852386774
2004,79.48641510564242
2006,111.12481297916591
2007,96.0017031759519
2009,107.83691759793996
2010,95.9920586997783
2013,99.15340498517658
2018,78.57049657002418
2022,107.11953975549136
2024,111.67837705232935
2025,96.5868357472461
2026,107.28975816009678
2030,107.83691759793996
2031,95.56487953804218
2032,105.92630026756302
2033,96.13624463357706
2035,90.6293606499925
2036,110.37045755686451
2037,91.210914474643
2040,96.02144931324004
2043,113.36812064093148
2044,108.22220821160913
2046,108.2132936184708
2054,112.92303915254695
2055,95.30182964948882
2056,107.60522451559964
2059,92.22376494737956
2060,93.03293216286303
2062,90.11572050886055
2063,111.63389056051146
2066,96.02144931324004
2067,110.9455245778643
2072,92.64793385244212
2073,111.63642557130555
2074,93.96424293988247
2075,112.02139723026167
2076,95.32198181806135
2080,91.07645643069414
2082,93.03293216286303
2085,111.4874749459853
2087,110.26434797669894
2091,111.60767426702382
2092,97.01141318061882
2093,107.60522451559964
2098,97.47821169664199
2101,111.52291606606772
2102,90.8235366120378
2103,79.373596618643
2105,108.44757398927028
2106,95.60251238460327
2107,112.81167140872975
2110,95.59138261468333
2114,93.03592938959254
2115,110.31518522017737
2117,79.25882970938116
2118,96.69104805821385
2119,105.62193083784605
2120,95.84008851448834
2122,90.87796941494669
2123,110.9099260127227
2126,96.63871840819569
2127,105.67919175824407
2128,94.80870324716409
2129,110.67317934425262
2132,96.54450703938593
2135,105.90028975618084
2138,95.27490178851501
2139,117.1722522517665
2141,113.41275638234251
2142,95.94739214169303
2146,96.48730401447764
2151,111.79333400114177
2157,105.91669294334062
2159,111.59191234079717
2162,95.49428267640799
2164,116.35760383782676
2167,90.4055079721605
2168,110.88588484600298
2171,89.53948284839585
2173,96.45915775619672
2174,106.54067094759687
2175,95.10040567387651
2178,95.47152347894858
2180,95.91321960504477
2185,110.80424860038698
2189,90.45880019501548
2190,110.83729486966902
2192,106.29033603983494
2194,115.52323164421726
2200,114.29757209711693
2201,92.47287447849305
2203,111.51871736881367
2204,92.48418647428582
2205,112.64409711698984
2209,113.46741834379581
2213,107.80949248741904
2214,95.023271032675
2215,111.51406836371696
2216,92.47287447849305
2218,94.71265475355351
2219,107.29335801567048
2220,94.96747880735452
2222,91.68250472930863
2223,110.37148573364551
2225,111.25267231716944
2226,92.21031590820367
2230,96.060231347555
2233,111.1226186448838
2234,112.98390655794611
2235,92.48418647428582
2236,78.8598182281567
2237,95.47235419720874
2240,115.44431967046239
2241,93.1802555238205
2248,106.69482922112778
2249,96.44456011778786
2250,110.91984789181453
2252,111.04326899488348
2253,93.41724689907475
2254,111.22396258059061
2256,78.94879916155713
2258,91.85731089907807
2259,110.70024392996628
2262,95.91321960504477
2265,95.47152347894858
2266,106.70284071874089
2269,95.33258754745567
2271,97.03879118302758
2273,91.47233089449686
2274,110.80680161209128
2275,92.47287447849305
2277,95.42591702236251
2279,92.48418647428582
2280,78.8598182281567
2282,95.91321960504477
2283,105.26265087316965
2288,91.68900735715418
2289,115.36784470969265
2291,96.11885375272212
2292,117.06402254357121
2297,95.55477293778169
2298,104.54243705713878
2299,95.66357110726665
2300,113.10378857924684
2301,92.14491127258066
2304,95.19359994129354
2305,105.12942495229201
2306,95.91321960504477
2308,95.21375210986608
2309,111.4305012273981
2311,94.35852016595351
2312,107.2823459135031
2316,106.08414688938332
2321,104.61499807624045
2322,111.17916303254228
2325,107.01764190686016
2326,95.07298067330079
2329,117.06402254357121
2330,95.42591702236251
2331,104.41582649828273
2332,111.1226186448838
2333,95.91321960504477
2334,106.64594898322288
2335,111.56233611796983
2337,112.91421191776051
2338,89.01861722215482
2340,111.1226186448838
2342,93.06881700034518
2345,93.07436353005103
2349,93.1957902548524
2351,78.9487745412824
2352,95.73185880629308
2354,110.3687723325652
2355,115.69869719328936
2357,111.25267231716944
2358,93.7162880824809
2360,95.79604594410627
2361,110.3687723325652
2364,95.2023731027085
2366,97.5484561834653
2369,106.82282903496308
2370,96.98612133645557
2371,111.1226186448838
2373,119.55580158569882
2374,96.98018944324181
2376,112.0664325143468
2378,113.607454042435
2382,96.83360777732392
2383,91.41507577937588
2386,106.3079825063807
2387,96.41315970073465
2389,90.92009494908523
2390,113.29951454257436
2392,91.67049780144718
2398,111.1226186448838
2399,95.83945333696144
2400,92.53970414424685
2401,110.77972946554121
2402,94.64845251620444
2404,92.43134559951646
2407,113.89776444911246
2408,110.23091183879943
2409,111.59144669171357
2412,80.02507891831871
2413,95.6430119675215
2415,95.77194636238357
2420,113.37239088463429
2422,93.77843659191528
2423,106.15210046233354
2426,95.73017719907608
2432,94.67738901537601
2434,91.27449586892513
2435,90.84876400528152
2436,110.50589353430155
2438,113.46648863762839
2440,110.28959845157854
2443,96.14737767598889
2444,92.52380796627891
2447,106.69482922112778
2450,97.10792571334136
2454,90.67347251693013
2455,111.61907938616133
2459,95.91321960504477
2460,110.83204277361592
2463,94.58302088711604
2465,92.74891457771717
2468,79.26536691044774
2469,92.41285553048212
2474,90.39773230125225
2478,94.75197948972135
2480,92.77239204180856
2481,115.44431967046239
2489,95.91321960504477
2490,107.72868788974468
2492,92.92470245466777
2496,95.91321960504477
2497,111.57788970105797
2500,95.66052786248937
2505,95.91321960504477
2507,89.32575523908781
2508,112.64409711698984
2509,96.4029530000354
2510,80.14571149061722
2513,91.43440737618963
2515,95.91321960504477
2518,91.41507577937588
2519,113.20769749512202
2520,91.41507577937588
2521,112.98030266041185
2523,110.92256757301311
2525,95.27458984680584
2529,112.36557528121344
2530,92.30462582228685
2533,114.46894103433583
2535,91.16985206703824
2538,104.68635767478175
2544,114.19349540859189
2553,111.10603099723883
2556,95.75217972402444
2558,92.4796032262555
2559,119.16123830493058
2560,94.84371038067603
2561,110.8672486687427
2562,92.6207740269993
2563,111.75925283931412
2564,91.09493521692616
2565,111.01438893668852
2567,106.91232553373617
2572,94.8036113010535
2575,95.93929310072315
2576,112.29652706712494
2577,90.17283212648262
2578,95.38605296821272
2579,111.19919203392872
2580,90.650103033604
2582,111.74161053798731
2583,92.21700135792128
2587,95.00971719408284
2589,110.70360005787232
2590,95.36617998921436
2591,112.36557528121344
2594,91.96060364238235
2597,96.75528530885624
2598,105.68383033979028
2599,96.37037633085555
2600,105.89592935601857
2602,114.72741445673934
2603,94.8036113010535
2604,106.40412879998928
2606,111.43005115307153
2607,78.65727579592627
2608,92.43147443605157
2613,112.53586740879456
2614,92.21631447426725
2615,110.9460233037545
2617,112.55328610208328
2620,90.51884811094875
2623,111.76755084518504
2624,92.89425019342576
2627,112.53586740879456
2629,78.65727579592627
2630,90.76329349454566
2632,96.45842151032596
2636,91.95734210123047
2639,94.55816578967018
2640,104.37665456105452
2642,112.36557528121344
2644,105.68383033979028
2646,111.7920738053459
2647,92.09998763937858
2649,95.60279369922341
2650,110.85052606487659
2652,105.68383033979028
2653,105.90644860021199
2655,112.2559021701126
2657,111.01438893668852
2659,109.97521884915514
2662,91.3068460711806
2663,115.33608996226712
2664,96.4833534256355
2665,106.06487079232193
2670,95.39768239575218
2671,104.12815347229544
2672,97.23742465366428
2675,105.68383033979028
2677,111.21701172839653
2679,111.11813759808312
2683,112.06386505299287
2684,93.5316421069771
2685,94.72179940157666
2688,103.82216134020413
2689,95.8448651473258
2690,106.21427909557367
2693,95.31580327983333
2694,112.92098941984186
2697,104.33723921643399
2699,96.20142782233391
2703,92.76744301969262
2705,103.83041163269309
2709,79.59394410090752
2710,94.4195952754776
2711,111.71555743328089
2712,96.40350463401485
2713,97.16732145864924
2714,111.80853534056811
2715,89.57525272975995
2717,91.39750861179805
2718,113.48884553248666
2720,112.02812528971694
2721,95.51758508590017
2726,96.89647735495726
2728,94.95188417973584
2731,105.58064303173938
2732,110.11788073676253
2734,93.00893694815905
2736,105.85250273877985
2737,96.45638001885575
2738,105.19337701936257
2739,111.62634452020927
2746,94.81459888017
2749,106.18210633163966
2751,116.95648776934755
2752,105.56364190520456
2753,95.80550766835115
2757,107.62045818154941
2758,97.15857908774312
2759,112.21441037976766
2760,95.5500982251279
2762,110.64246555969905
2764,96.00894243730986
2765,112.86406019495175
2769,111.25473282091647
2771,112.59599399539414
2774,92.79121949322031
2776,91.79473687364892
2777,114.63733928819416
2778,92.81647274647248
2779,111.41004344588322
2782,91.47310432447792
2784,90.69675170198768
2787,90.81911319528024
2789,97.01949510274055
2792,96.32039605044358
2798,98.36874579981776
2799,106.62778034001111
2800,95.24122864070478
2801,81.16402365427297
2802,92.65293877793047
2804,95.06170176667159
2807,106.72926140053988
2808,97.13382068210345
2809,119.08895544823737
2811,114.94313819454786
2812,95.25057241766123
2814,91.1426767371862
2816,95.2480921701838
2817,111.6640482601931
2818,109.83735835538938
2820,111.91424739451976
2821,80.37509226316028
2822,96.66596273182927
2823,104.54689518638801
2824,95.2708513676432
2826,90.32522115148132
2829,92.86849376923685
2834,94.95188417973584
2835,79.11526318321411
2838,98.41047668447166
2839,110.97511728202286
2840,90.91226016039151
2841,111.23281811473404
2842,95.80498989684949
2846,112.9250922862256
2848,95.5265323414537
2849,89.71505399210632
2850,111.80853534056811
2851,95.38605296821272
2853,92.97434693939934
2854,112.36557528121344
2858,112.56980958857335
2861,96.2672117217249
2864,92.81647274647248
2865,115.33608996226712
2866,110.31686154652378
2867,90.36477925838922
2868,112.09102414734889
2870,111.41262173283155
2877,95.51758508590017
2878,112.53586740879456
2880,111.95820280615153
2882,78.69954375364739
2883,96.6306674707451
2884,104.40494552363856
2885,94.64619670165085
2887,95.80498989684949
2888,112.51216628670936
2889,96.34810244419413
2890,105.82649222739767
2891,94.32162140156193
2892,116.24937412963149
2893,94.20208738836246
2898,112.39741528608695
2899,95.32338507843052
2900,112.61603514590824
2901,93.40334920227704
2909,95.30388134197902
2910,111.00719806836707
2911,111.20597042675267
2913,110.70896272258612
2914,96.40141417642923
2918,92.35994552975056
2919,111.46106965469244
2920,91.67698913898363
2921,112.53586740879456
2922,97.4526064338131
2923,105.99713124273819
2925,115.33763909524032
2926,90.650103033604
2927,112.36557528121344
2929,111.64637262812498
2933,92.00386296058952
2934,111.40777970048902
2936,113.10227470154796
2941,104.98285538019076
2942,94.26929644878358
2943,110.59034219570073
2945,106.5890113482487
2950,91.42857510457831
2951,111.0944905720622
2953,118.16217011026434
2954,95.09287455153657
2955,107.12778237298099
2956,96.75664960567303
2960,96.96499365424441
2962,95.42848963551954
2963,107.8227075895216
2964,105.7182625192024
2966,78.76485288439432
2967,93.2351023806909
2968,111.21555659112839
2969,91.21794795979908
2971,91.44324581361309
2972,95.33831352139113
2974,94.04356795453158
2975,111.70355694629562
2977,116.84825806115226
2980,111.57708607185914
2981,92.44069753148537
2983,96.48675130554624
2984,107.11282987797726
2985,116.84756312718066
2986,106.62888485221613
2987,95.33831352139113
2989,95.80830419506846
2990,111.43437288706005
2991,94.59137478215693
2992,79.00989172698391
2995,104.22900950823872
2996,106.69940246855941
3002,110.47889540942217
3004,111.90196013294866
3005,116.84756312718066
3006,96.89670347487416
3010,96.66509965015722
3011,106.51319901522426
3014,90.54187332540872
3015,92.84020599562125
3016,95.39772595016542
3017,114.05344845702186
3018,92.01085966152041
3021,106.026281910786
3024,105.57560063159501
3028,94.62512094171781
3030,92.7082430382772
3032,94.43570763885846
3039,96.67281067806117
3040,105.87281842785498
3041,95.94225230001733
3043,92.11339828032762
3044,110.58523688813688
3046,110.59126372870432
3055,90.64150937505936
3056,111.42544582017356
3058,91.18454053430261
3059,111.54746485944015
3061,116.14114442143621
3063,105.33174343619883
3066,96.25019613110099
3067,105.57560063159501
3068,78.64335881176615
3069,95.40935537770488
3072,114.97757037395996
3073,112.28036626156798
3074,94.7972203202464
3077,91.52700880853021
3082,93.49294242861116
3084,104.22900950823872
3085,110.32555582206224
3088,105.57560063159501
3091,90.71408427811511
3092,112.14292878957188
3093,96.81414604210687
3094,105.4724133235441
3096,111.59331752686089
3097,90.98670550873089
3098,78.59131404545212
3102,114.83490848635257
3106,91.68215949309078
3109,92.62595843595602
3111,89.71164871428546
3112,116.84756312718066
3113,95.40935537770488
3115,92.32324472785629
3116,110.6123207732178
3117,91.89640275230022
3121,111.77866772301562
3122,91.54193225969114
3123,95.44406844609883
3124,106.91310704722754
3125,95.39772595016542
3126,105.33151523199386
3127,116.14114442143621
3129,92.16891240895097
3130,111.60901685666039
3132,106.20415090109167
3134,108.2832573133816
3135,95.78872303778434
3137,80.18239594131254
3138,94.59787741000248
3140,95.16047761772683
3144,111.74165538708313
3145,96.75622078972788
3146,110.83779359555922
3147,95.400251266993
3148,105.72167158593659
3149,105.77663919751303
3150,112.15407488921808
3151,93.03126145285873
3152,96.66457038492896
3155,92.6576298727857
3156,111.70030563237285
3159,91.20494270410798
3161,95.01391998102889
3162,107.57622079249086
3163,96.7268746146899
3165,105.29711890395359
3172,90.55328029036086
3173,110.80621104215268
3176,95.15659693546986
3177,104.03687222604654
3179,111.70355694629562
3183,91.83644296046202
3186,95.44406844609883
3187,106.39857112727354
3189,111.1549348926235
3190,93.49982866609035
3192,116.14114442143621
3193,90.55328029036086
3194,113.1097951270049
3197,95.42048514762483
3198,95.58179225629542
3200,93.01765969146328
3201,116.9028354638678
3202,95.58179225629542
3204,95.69676018865421
3205,91.80250834057846
3206,112.53817700675428
3208,105.59212631953847
3210,105.80472122861497
3211,94.63348222702629
3212,116.14114442143621
3213,95.40317538855325
3214,111.23724270855517
3216,105.7182625192024
3219,91.92370524486631
3220,114.06054927753792
3221,95.40935537770488
3226,111.46401867374124
3227,96.4474720456936
3228,112.15339831385523
3229,93.92741679541481
3232,79.04890749405719
3233,96.0758877559497
3234,94.90855014548457
3236,96.95096940483542
3238,112.40000746062555
3239,110.0823207397205
3240,89.3694119601596
3247,110.19400395787285
3249,104.54725301356451
3252,116.59765485958698
3253,97.01048913301433
3254,106.26663458693113
3255,93.92725505620126
3256,109.81096321072236
3257,93.48187883657815
3262,96.03398715171392
3263,105.57560063159501
3264,96.75664960567303
3266,112.06161658747538
3267,96.87683416259829
3269,95.2461246934864
3272,116.84756312718066
3274,95.42048514762483
3275,107.96647234344078
3277,94.95021266392918
3279,97.50933317529046
3280,105.32790425660285
3283,98.6900015220491
3285,95.69676018865421
3287,93.78970714435448
3288,105.57560063159501
3290,106.87536119839434
3291,95.25589478081818
3298,110.47037633121349
3299,95.78903295744576
3302,115.30091039771413
3303,95.67701405136607
3304,106.77722832100474
3307,94.62512094171781
3309,91.34477973167336
3314,78.64335881176615
3316,112.89725623546371
3317,96.0816005906491
3319,92.83136331665493
3320,111.14362304022995
3321,96.02186717033494
3322,107.0141090468976
3324,91.01772074960381
3326,92.09387767270248
3329,110.52534316398012
3330,90.98670550873089
3331,110.79036991281177
3335,116.14114442143621
3337,96.49716089748235
3338,105.81531132195005
3339,96.9169232882389
3340,110.1515042675624
3341,92.47249342005055
3343,90.58862616285937
3346,89.71849390022557
3348,95.85929212925741
3351,105.46737092339973
3352,116.73933341898538
3355,91.1976415540506
3356,112.77186210155797
3358,105.57031775939545
3359,95.27972875918255
3360,111.30061859560524
3371,111.09232301240334
3372,95.1487098401339
3374,96.95031435060764
3377,110.81402014910293
3378,89.86372792091979
3380,104.33000959772438
3382,95.25480058837601
3386,95.33090066049274
3389,111.28228424022326
3391,106.68410325510219
3393,94.92148400541359
3394,107.01571189825242
3395,95.68074289005943
3397,112.31940799240401
3398,97.1825430005494
3399,80.28975717614881
3400,96.01187019078918
3404,104.21124530470742
3407,111.23153675920774
3409,105.7799862754927
3419,94.84198295573391
3421,93.07063605232577
3425,96.6794546208308
3427,79.4741509271722
3428,116.73933341898538
3429,110.39497451187798
3431,89.6842320968747
3435,94.91594773607062
3436,111.45266535049295
3439,93.30286347902666
3441,89.6916096316059
3442,116.73933341898538
3443,95.92575744351863
3444,105.69638174715088
3445,94.58715188466294
3446,111.95967909781568
3449,92.60001333008194
3453,94.32884451056039
3457,94.301467419281
3460,105.61003281100712
3461,95.6671514991039
3462,92.71118341680834
3464,105.22351372800355
3465,78.53512910357087
3466,96.00273710166219
3467,104.60417916833299
3468,97.11432588550761
3469,106.34733171482567
3470,106.45921114998477
3472,112.14911586482289
3473,90.83195576002257
3475,90.04455216138142
3476,111.60281681959904
3478,105.4304123176769
3479,95.7261623961105
3483,94.80402245215049
3484,103.71577506070915
3485,95.39892514418203
3487,91.03279653839914
3488,110.43042463089358
3496,110.42614855610489
3497,94.74770270398734
3499,96.5186725945064
3500,78.53512910357087
3501,95.72283368433258
3504,96.86370671149506
3508,107.17230568281855
3511,90.71123945389263
3512,111.86627945350574
3515,92.24228020895785
3517,94.58715188466294
3518,106.63199287105901
3526,110.89216955517624
3528,119.86949255481619
3529,91.52593091891023
3530,111.1850130501078
3531,93.59640279291247
3532,112.79566502467938
3533,93.40983643895603
3534,95.15846378190223
3535,78.5548003317924
3536,92.01656329819694
3537,110.64724892649394
3538,94.74962329049131
3539,110.01006679724503
3540,106.97533448123113
3545,110.58138232020778
3546,91.21154109601042
3550,105.44256013524377
3551,95.69984928470016
3553,96.18728508466995
3554,105.61003281100712
3557,95.14766507262291
3558,110.26514240039968
3559,92.60001333008194
3561,95.07955942896402
3562,112.31940799240401
3563,95.42350900242971
3564,105.46737092339973
3565,94.58715188466294
3567,91.52185357897385
3571,105.46737092339973
3572,96.86818823156689
3574,96.86274883200677
3576,95.48865344534926
3577,110.88573081431498
3578,95.82465652873923
3579,95.48865344534926
3583,95.18187281041806
3585,94.89050427621136
3586,105.66533426353833
3587,110.94971822648044
3593,90.36978263558399
3594,112.80278376902575
3595,96.56458096986589
3599,96.78323658875553
3600,106.12914305343091
3601,112.14911586482289
3602,92.60001333008194
3604,94.95202088282363
3609,116.79460575567252
3610,110.07283815738394
3612,111.25170029291218
3614,113.18524244280029
3615,95.54143634796316
3617,97.4011034670952
3618,110.07178955821021
3619,111.75645978965309
3620,111.15995705097566
3621,95.52578530470468
3625,96.89489217672539
3626,106.21066566112871
3630,105.89431597144541
3631,95.268211475951
3632,106.68336960878749
3633,96.86370671149506
3634,110.62774104295731
3637,95.10362151380275
3639,92.26453401213493
3640,112.51523557662226
3641,90.60777314476253
3644,112.77186210155797
3645,95.5157516902744
3646,92.95183726109764
3647,90.20066096119001
3648,112.4620698800114
3653,111.94189090056673
3654,92.21501501966102
3655,110.66012823015204
3659,104.93796174858382
3660,97.44373461250814
3662,111.02551687067128
3666,91.28545935894003
3668,97.1355493988318
3671,90.15972680695081
3673,91.55831705018757
3674,111.4606332318451
3675,92.92084944342027
3681,91.26804735037409
3682,112.08006765073439
3686,111.12901300035989
3687,89.33685675845682
3692,78.57704744305838
3695,111.17126904676843
3696,95.49758659266794
3699,114.29343291575663
3705,113.18297638079602
3707,78.94067778586191
3708,96.23348701991615
3709,112.96940948870198
3710,94.69419392711025
3712,96.24966174852779
3715,111.74174338976097
3716,94.77571654929068
3720,110.95491105355741
3722,78.94067778586191
3726,95.96319791839625
3728,90.79878033674099
3729,112.10101879510094
3731,105.22140233498604
3735,111.33891385368854
3736,92.56617617899511
3739,105.08706635135168
3741,110.61861565180433
3743,105.42434492003765
3744,95.61460397613732
3745,112.09797803842959
3746,95.1465654492631
3751,92.68424782357322
3753,94.90757218609956
3760,110.18656895609499
3761,93.4134344212499
3762,110.370683332397
3763,92.7473366910394
3765,93.03590640976843
3768,111.81416486860533
3769,95.40881238743098
3770,107.19572671821321
3773,112.38545078222897
3774,96.54019018928248
3776,96.28922921128644
3778,92.04451905279436
3779,111.23419622286295
3780,94.32959787838003
3781,110.98053056354229
3782,92.10481881024116
3783,112.04088615662761
3784,95.1721324031659
3786,95.85496821020098
3789,110.1926072212976
3790,96.44920244004454
3793,111.33831269740388
3795,111.6335136815657
3797,97.0609869969184
3798,116.63110371079011
3800,111.34443564229767
3804,96.54019018928248
3810,96.32107438858208
3815,111.42006324905304
3816,96.54019018928248
3818,105.04818480852626
3824,112.04088615662761
3828,105.97052149487156
3830,110.57437507653643
3831,97.63349324280466
3832,78.33258667134044
3834,111.55119872069571
3835,91.18736589592761
3836,110.76460378381972
3838,95.48030077226366
3839,115.92468500504566
3840,111.47336838016808
3845,92.74199673642602
3846,109.65052972456931
3847,94.47892217646766
3849,78.40414019791618
3853,110.66190800026638
3855,107.06407597462326
3856,95.44320129078787
3864,78.29229885154707
3865,95.93082303863748
3866,110.23694298204045
3867,91.8436324689802
3868,111.34443564229767
3869,96.05544114803804
3871,90.21591974106154
3875,106.42829938102784
3876,91.95838294894926
3878,95.31112673820579
3879,110.88803902600465
3881,111.34443564229767
3883,111.48442413710822
3884,92.10478867545761
3886,111.05445889722836
3890,95.93493419732377
3893,108.4862743402725
3897,107.20099768382347
3901,93.33959596823142
3902,110.98176752509134
3913,111.67227531250462
3914,91.32303818909284
3916,91.54192570905549
3917,111.5512944847526
3924,107.4072444514858
3925,96.52014295202292
3928,96.39570748253325
3929,110.56320148207843
3932,95.53691741217995
3933,105.39357339461657
3934,77.96299363582631
3935,92.38355391369139
3936,95.095796023039
3937,109.54230001637404
3938,90.72130681127338
3939,110.65637407562446
3943,89.49908329772306
3944,111.93265644843233
3945,111.01252504695763
3946,94.86310001257347
3947,111.35027674863453
3948,92.454812574825
3949,112.07531833603971
3950,94.66564792031627
3951,109.97039135247479
3952,92.49472400041779
3953,110.9987427770564
3961,114.76050924187862
3962,92.63910698284411
3966,94.94200436551166
3967,105.67274382414121
3968,95.84644436285977
3969,111.38822619544307
3970,96.30221317811585
3971,107.1875393487683
3973,92.94745593410705
3974,112.07531833603971
3975,110.4307895101034
3977,92.57968948213316
3979,110.8021148402907
3985,94.94637177033458
3986,104.85508864397562
3988,110.79903596323184
3991,96.02346118607466
3992,105.54106478617254
3993,94.6270324080244
3994,91.99855560327046
3995,111.11405694091663
4005,110.79778150002511
4007,95.4148559165661
4008,105.61091805767745
4009,96.47284164167874
4010,109.94743320969815
4011,79.43505282844654
4012,94.77513767767289
4013,107.4072444514858
4015,110.77722793970204
4016,110.73797364425222
4018,111.37886782170979
4025,95.095796023039
4026,111.37561650778702
4028,112.62836290928293
4029,96.57462236869459
4031,91.78260775778868
4032,111.02058572882763
4033,92.98895693610035
4034,104.0012885161624
4037,96.1594842912122
4038,105.29038608656566
4039,94.31461661359172
4041,96.08011938568183
4042,109.65011367256484
4043,96.1620621809604
4044,105.39357339461657
4045,94.31514286429852
4046,113.23943339140367
4047,97.12127600856095
4048,107.40947488374063
4049,95.12370664046706
4051,94.06760597210481
4052,112.24561046362085
4058,105.39357339461657
4062,110.10159144555725
4064,112.02738417219561
4067,95.4148559165661
4068,78.31866968718032
4070,93.59096378108704
4072,116.50661743298096
4074,110.20782772272347
4075,94.2796909132622
4076,111.27083757921037
4077,93.87197728904819
4078,110.87302459021996
4080,105.39357339461657
4082,111.65469131863446
4085,94.37069246827238
4086,111.77598660485093
4088,111.37561650778702
4089,94.70907330743206
4092,78.31866968718032
4094,93.59221811370125
4095,110.52837506236668
4096,95.40387466920384
4097,104.63711349669725
4102,93.58374954412542
4105,111.7777437463203
4107,111.1511712956165
4111,94.59662418191695
4112,105.15348226988287
4113,95.93807266200602
4114,113.69974044351132
4115,93.73182102712141
4116,110.051795443359
4117,94.84215020728746
4118,96.08987332745015
4119,110.21294045363712
4120,92.872411439754
4122,80.20042376008503
4125,93.19152652396185
4126,110.85298678597124
4129,111.52528397337042
4134,111.21864817455867
4137,90.41342309477497
4141,104.6396824780828
4142,97.25425112464012
4144,95.3720710640684
4145,107.4072444514858
4146,96.58625191985047
4150,94.72812333541464
4151,80.78901091543864
4154,95.4148559165661
4156,94.17217344124386
4157,111.54484175632564
4159,110.73797364425222
4160,93.28725488354243
4161,111.12596651466768
4168,95.69717804574911
4171,104.82582681867066
4172,107.37965106644924
4173,96.57462236869459
4175,94.19860897272535
4176,105.39357339461657
4177,95.3720710640684
4178,104.32334679162963
4179,95.17181377277237
4181,110.28382592990357
4183,96.57462236869459
4184,112.02772982443062
4185,92.91978881399939
4186,111.12798143125559
4188,115.64907432953265
4190,111.06153208647979
4192,91.34458918824497
4193,108.37804463207722
4194,111.93265644843233
4195,95.88774175770999
4196,78.22435696314517
4202,96.43196048108722
4203,106.49303238852437
4208,96.63612594713126
4209,112.05697820699467
4210,94.19133953982784
4211,110.22755883704521
4212,116.52287400259483
4214,105.21395290128635
4215,95.07556214240716
4216,111.11628363514923
4217,92.15381749304102
4219,95.89161845030547
4222,109.54230001637404
4224,78.33962419176851
4231,104.81437961700401
4232,96.57462236869459
4234,94.12719493300192
4236,95.3720710640684
4237,105.25091150700918
4240,94.366012163012
4242,106.69453083195307
4243,95.79541077439863
4247,93.19152652396185
4248,110.42702047156926
4249,92.42563193223617
4254,105.689988635718
4263,94.82284521602591
4265,110.57487943550608
4267,113.04179461991578
4268,110.46568078822594
4271,110.66614684483689
4272,95.1144412441022
4273,110.4238392551303
4274,93.11560283103343
4276,94.77845207371325
4278,94.9303749379722
4280,95.96727148932091
4281,111.03528424441704
4283,91.85520718848879
4284,109.38475660385669
4285,96.22337569021641
4286,111.09893566056301
4287,90.04723731710159
4288,112.45321350562932
4289,93.2624529034963
4290,79.58368793398078
4293,91.34632554682526
4296,111.60537294089538
4297,93.22865838331728
4299,94.29017108824996
4303,112.49909667430515
4310,94.72830062159053
4312,104.68618755498676
4318,105.1426817988139
4320,109.87818201848921
4322,94.5328271281114
4323,116.52292170951787
4325,104.46085509624247
4326,111.45762808627286
4328,105.47613233670697
4330,104.612522952146
4332,110.2204520539109
4333,94.59030643420488
4335,95.38852338323116
4336,112.10270245621899
4338,107.68996603190335
4341,95.85229422398537
4342,106.4818344882724
4344,105.28534368642129
4347,95.94769220717052
4348,105.1426817988139
4351,110.51184318578059
4352,95.19235297104044
4353,110.90127774331935
4355,106.8017440364054
4356,94.26246276007711
4359,106.08028018244315
4360,96.05383247276512
4361,95.33879087550316
4364,95.77334637715028
4365,105.96955471269406
4368,95.42713514880693
4372,95.4999674041534
4374,89.24927269465586
4376,95.37958506012578
4377,106.13488950335514
4380,95.1156463883393
4383,107.38828407771547
4384,94.82214522977692
4385,106.20620585552666
4389,93.6756123416905
4391,94.84777190500716
4392,110.8379994808378
4393,93.7429010592636
4395,90.0035547517347
4396,111.99471886781818
4398,111.25084171304303
4399,97.09326159370474
4401,92.67673575805682
4406,94.85617295314233
4408,105.09596925132274
4412,105.1426817988139
4415,95.08539538151328
4418,111.30027563704714
4419,89.24927269465586
4420,78.21043997898504
4422,111.82442674023706
4423,89.24927269465586
4425,96.39105238344247
4428,110.56640515007712
4431,110.92717026386002
4434,94.20472519778882
4436,95.73854853593505
4437,110.40796420343491
4439,115.7082255886551
4440,93.28750037699497
4441,111.42628363154513
4444,95.73821465466449
4445,105.10572319309107
4446,94.9991957423832
4447,111.07476515268205
4452,105.68909615781197
4456,110.56097780274486
4457,94.26246276007711
4458,110.07406998354546
4460,94.26246276007711
4461,115.7082255886551
4462,92.52461879789423
4465,105.48955895425776
4466,107.02848533082813
4468,96.73028169815629
4469,106.80799838039927
4472,110.19616721851315
4475,95.24846595893916
4478,92.71755945288706
4479,109.68046604477814
4480,94.01579406176845
4483,78.9034427622316
4484,94.36571720432924
4485,104.63684020362984
4486,96.19398346992057
4488,94.47465437388895
4489,106.98711565337567
4490,95.4871254931472
4491,107.56865828687
4492,96.62581406785105
4493,111.83520310752436
4494,94.59125861148479
4495,105.72446765757884
4498,79.74947710853142
4499,95.84298186550114
4500,105.27303056234942
4503,111.50896129454748
4505,105.48955895425776
4506,95.9815837228603
4507,96.02635711370834
4508,105.1426817988139
4510,111.85720137055519
4511,92.6288392242432
4513,96.33664535752796
4516,78.3319340516132
4519,92.87203502542246
4521,94.85599367015004
4531,93.64064931594388
4532,79.04401757177922
4533,95.09677995367034
4534,109.90967810108158
4536,105.1426817988139
4537,94.26246276007711
4539,97.48141782080695
4542,105.35472574134963
4545,91.19608311184157
4549,92.4106020288661
4551,94.4893638202751
4554,104.13562857190182
4556,112.72031840313329
4559,112.08987373180803
4561,111.59807095904114
4562,109.948767238142
4566,111.61341245780997
4569,94.82297594803708
4570,111.99471886781818
4573,94.8337746573164
4574,106.26648363577831
4575,94.87352828680316
4577,94.32247058165483
4578,109.43407030817876
4580,110.46252341413334
4582,94.13213955841242
4583,111.82442674023706
4585,95.27695165833545
4587,105.1426817988139
4595,92.04558778484574
4596,111.78947808770727
4601,94.1516909111976
4602,111.03911706045191
4603,95.4999674041534
4605,109.74384062767605
4606,93.38399918002514
4607,111.66375650272855
4608,94.39037193588925
4610,96.14481588673058
4613,105.5320009767182
4617,90.92415281833975
4618,109.43407030817876
4619,91.23635948004969
4620,96.10461497219153
4622,96.07742259127211
4625,94.26246276007711
4626,105.1426817988139
4627,95.30946479756317
4629,90.41726156263255
4631,92.80039414721135
4633,105.1426817988139
4634,115.3841040353054
4635,94.07984204309028
4639,94.34477255824683
4640,108.28446363879765
4642,103.86379698266217
4644,110.9945797346646
4646,105.1426817988139
4647,97.26480995644003
4648,79.16345358637054
4649,94.82297594803708
4650,110.43158428769026
4655,92.4106020288661
4660,94.56341201282677
4661,113.80730851303699
4662,92.34251979803139
4663,112.68905570860434
4665,94.36958330646561
4666,110.78963002786412
4667,103.89305880796712
4668,95.69693500797167
4670,91.34176923092156
4671,113.66496848502787
4672,94.82402071554807
4673,103.8425958392272
4675,103.76192333632447
4676,94.42357566890065
4677,111.67041754649911
4680,96.13178601076477
4682,94.8337746573164
4683,113.15894779452803
4685,105.1426817988139
4686,94.57637392971614
4688,111.71619703204178
4690,111.02019362930389
4692,110.37885234025427
4693,91.58445856342355
4697,92.30237232067083
4700,109.88278826148351
4702,109.69787564233933
4707,115.59999588045983
4708,94.15423305188183
4710,77.65117434320717
4716,97.77430088008973
4717,95.98128922157345
4718,94.10748115852712
4720,95.75081207293034
4721,78.23096871331857
4723,93.30851783682539
4726,110.79762368459151
4727,92.25169398363937
4729,93.96942413424046
4731,94.0154279143936
4732,113.3506838928748
4735,94.04795489169678
4736,104.57685426305238
4737,95.39173769595811
4738,110.04919365472435
4739,109.46850248759087
4744,104.60936740228011
4747,94.48302890328951
4749,110.27376493558123
4750,94.15423305188183
4752,111.71619703204178
4755,95.62998494646921
4756,105.34401137481397
4757,112.46550142916381
4758,95.4579978920901
4759,104.70616854133495
4763,95.98128922157345
4764,105.12279287348366
4765,94.53139925830284
4766,93.71341744532913
4767,111.71099691359905
4769,109.43453878925973
4770,93.08067013538049
4771,80.00774738822534
4772,105.03445209061863
4774,111.71619703204178
4776,111.09119410793332
4777,109.2766786460489
4778,94.38508478553125
4780,92.74117471222105
4784,92.94567486942287
4786,95.24757449680796
4787,78.10221027078975
4788,95.40110375904094
4789,111.71619703204178
4791,106.75703658276979
4792,95.26546741162198
4795,110.60943232971931
4796,90.50809870880559
4803,89.67552942281071
4805,95.74170796221846
4807,94.71579100735279
4809,91.66091634127865
4816,94.17017045727559
4817,78.96322870591628
4818,92.62243236045454
4820,93.42890942382436
4821,105.40612480197717
4823,111.75052971638435
4824,93.857573376749
4825,110.07605197116152
4829,105.47779355791509
4830,96.21550106469665
4831,112.19282704818991
4833,106.23058199083627
4836,92.83240521996392
4837,111.71619703204178
4838,89.35099951814944
4840,95.22409198512445
4841,78.1911912041902
4842,89.21997764956417
4843,110.91687392981166
4844,90.23785155880654
4849,110.61999748701777
4851,106.79123144734366
4852,94.87229111358083
4858,90.17132139493856
4860,96.21550106469665
4863,111.81180991881945
4864,93.35256716097219
4865,110.04901878191485
4867,110.25402945747109
4868,93.82405043531031
4869,110.35811370175547
4873,89.14104298646059
4875,96.3561444184355
4876,111.0521689858845
4877,89.21461679116052
4878,109.61116437519826
4880,78.10221027078975
4886,110.9079130364572
4888,104.211130258605
4889,95.85224775358873
4890,111.81646934800307
4893,95.41333595462044
4895,94.36745767239952
4896,106.11492225223476
4899,93.97488012343729
4901,93.87796766116914
4902,109.33107316697975
4903,93.41946808216942
4904,111.71619703204178
4910,90.69136774596646
4912,90.9850258246723
4915,96.14720480377892
4916,105.01608650043954
4917,94.68683641869463
4920,105.03445209061863
4927,103.7555672744669
4928,94.09388968719465
4931,103.78482909977185
4934,90.9908083052074
4936,93.72394693795644
4939,112.28263725791459
4942,113.4029766874131
4943,96.21550106469665
4944,104.72349568394043
4945,95.1402362507439
4947,109.30919401998587
4948,89.46810989685888
4951,94.72554494912112
4952,111.71619703204178
4953,92.891492016172
4956,93.41946808216942
4957,113.09021756075451
4958,92.57009922528181
4960,94.50484636252108
4968,94.16335590157118
4969,105.49758127504849
4971,104.94449465682304
4973,111.88648915962291
4975,112.33894326877687
4976,95.46174348040797
4978,91.1287003332603
4979,111.00491656782083
4982,92.95698686521564
4983,109.72577564543988
4984,90.70746057127789
4985,115.59999588045983
4986,91.79416688207702
4987,114.54404982548807
4988,95.62998494646921
4994,94.90596314989972
4995,96.21550106469665
5002,78.73832106507145
5004,93.5779776104453
5005,104.91084449507355
5006,95.15561164767783
5007,105.59346127137017
5009,110.77058790574334
5011,111.88648915962291
5014,94.4090641229528
5015,105.14164800529986
5018,90.7958699964419
5019,110.671207294252
5020,90.61243616436005
5021,109.76846894124766
5022,95.30686131759006
5023,92.75415997179456
5025,96.21550106469665
5032,93.8129343551674
5034,91.74400257262167
5036,90.85838292757335
5038,93.64106531075697
5039,111.7186843959394
5046,96.45748749359085
5049,110.671207294252
5051,94.11545063375142
5052,89.71540100921756
5053,111.71619703204178
5054,96.21550106469665
5055,95.55204957316225
5057,94.15423305188183
5059,89.83095990151936
5062,97.91269847434802
5063,110.02781932362606
5065,111.97220454861512
5069,94.4009667701388
5071,96.37107753694006
5074,112.0525301413007
5075,90.00072478443234
5076,111.97051954485146
5077,78.10221027078975
5079,104.91111704313914
5080,95.11049546075036
5081,111.88648915962291
5083,105.58184591261097
5088,105.89165368458515
5089,95.27412225334663
5093,109.77779666820425
5094,104.81335409268186
5095,95.68500753342173
5099,111.3499894493834
5101,110.51679939369933
5103,105.17607336344953
5104,93.60048560880072
5105,110.28569115297726
5107,92.01704854545605
5108,111.15421804578986
5109,96.73929859777026
5111,91.02584614931791
5112,109.3602727793956
5113,94.56593340583966
5114,109.11648745342725
5115,92.9625657589566
5118,96.14773149368665
5122,96.10727135650139
5123,77.97122136513507
5125,94.32776227573133
5127,105.55459207028485
5128,94.92625796312285
5129,114.38346446147544
5132,95.04738193948256
5134,111.23935647972351
5135,94.60756129915752
5137,111.35976181625334
5142,94.75532805809385
5143,104.68374662756536
5144,93.67418764170358
5148,90.88608383949959
5149,94.2827291916105
5150,107.08255532689996
5154,77.99398056259449
5155,92.45486593562353
5159,92.79554991039896
5164,95.17753049067262
5165,110.56297758605672
5166,90.18031863693736
5167,110.90799905020609
5169,90.16797600218902
5171,92.4892627138687
5172,111.24116866988231
5176,93.73284404883593
5184,110.76337354873836
5185,93.13590641546885
5186,110.63025362517968
5188,107.4735066155128
5189,111.08660116529663
5190,91.6848750983676
5191,110.56297758605672
5193,111.20059484878459
5196,95.47308169027194
5199,79.25752595283703
5200,104.50113769408483
5203,88.95744603473938
5204,110.54884869231023
5205,90.82012052831972
5207,94.62787295210133
5208,108.27545658251702
5212,94.92212567423755
5214,94.65852140884742
5218,90.49319311268339
5220,94.33994699405063
5222,92.4248449807192
5224,96.377984821649
5225,104.92622238242335
5227,111.2342277652944
5229,105.97262135078732
5232,92.48371075165633
5233,116.25345721469614
5234,102.89929439935096
5237,111.77825945142763
5239,114.64481121705316
5240,93.14419497507863
5241,110.56297758605672
5244,91.08627508775646
5248,110.33900138440949
5251,91.96366286287866
5253,94.04600334368656
5255,95.82738611288691
5256,105.29773931686711
5257,94.86852787742039
5259,96.10524059200985
5260,111.31333254916458
5266,94.42850722180775
5268,93.48439216218446
5275,111.77825945142763
5276,110.76043139576637
5277,94.61068178622057
5279,94.85901867866949
5280,105.99538054824673
5281,95.13959434908305
5283,95.94003977362503
5284,78.39952924488553
5285,96.10727135650139
5286,105.12675463867427
5287,94.11336719247788
5289,92.72417551176864
5290,111.20059484878459
5292,107.0793860531098
5293,95.00226575255509
5294,104.99597628632274
5297,91.86814413552847
5299,105.70086743717246
5302,90.02695900565645
5305,77.61966636891493
5306,94.6921695558074
5308,94.24235529494757
5309,93.36922801563348
5310,112.39926865600094
5312,110.48919138647571
5316,111.78062876829405
5317,96.65166876007939
5319,77.99398056259449
5320,96.10727135650139
5323,94.14062133279764
5329,110.70331547777553
5331,109.50293466700298
5334,110.6119142146512
5336,111.09877200437796
5338,105.97262135078732
5341,95.4368437545052
5345,95.15070835969819
5348,93.4118311430828
5349,110.65997027782531
5355,106.66913827462088
5356,95.45545221239777
5360,107.68366814458204
5362,110.48485399184663
5364,110.270622632059
5366,106.89287305698221
5367,96.62937843801694
5368,95.62645819458692
5370,95.6263257951212
5371,77.99398056259449
5373,105.84722134697492
5375,111.77825945142763
5376,89.31410075375786
5378,110.41328451966639
5379,94.55637236181431
5383,94.52509389293111
5384,105.23952328537126
5389,110.1839339571668
5391,77.89966783855934
5393,109.52088053302121
5395,111.43722901010612
5397,109.11285558621856
5398,93.90741229601402
5399,111.60550720314018
5401,116.24045195900504
5402,89.70988061949923
5403,109.53949819448528
5404,93.34754254307364
5407,77.89966783855934
5408,95.48927727579964
5413,113.36748231861974
5414,94.05634589032267
5417,95.44381986496698
5418,107.0793860531098
5420,111.56580536765502
5421,92.70864614683401
5424,95.69482175232163
5425,110.54884869231023
5426,91.04241599561989
5429,111.8544825863347
5431,95.19113284976598
5437,104.55722980616805
5440,90.63331436789763
5444,105.99872899406729
5446,104.87736489164132
5447,94.79355091579917
5451,94.17391251949869
5452,98.79356937072372
5455,102.89929439935096
5456,95.53872739262752
5458,90.33257941812307
5459,110.32710980391622
5460,95.85631037850533
5462,95.09300538117262
5463,110.14316371546897
5464,90.54024081014502
5465,109.87680412738463
5466,96.2628478287448
5467,104.1275325515256
5468,94.12745305735004
5469,112.4725962922138
5472,93.81014510349617
5474,90.05516960911393
5475,112.12160310048877
5476,96.24993324410877
5479,106.11528323839471
5480,111.92092133903502
5482,110.10179869292513
5485,92.86501161880062
5486,116.198184878009
5488,78.07593189338462
5495,105.97262135078732
5496,94.55637236181431
5497,109.88500001512851
5499,110.99290717847086
5503,91.30171859638644
5504,94.35458559117087
5507,96.24993324410877
5509,89.9089752860882
5511,92.41624141485936
5512,110.466862916791
5516,111.81269163083974
5517,95.92764940738334
5518,104.59689467629131
5521,96.3112548955293
5522,106.00705353019943
5527,96.15461812054951
5528,94.68950373350916
5529,110.97837145710135
5532,89.3506378294451
5533,111.55239614000176
5535,104.93021166260137
5536,99.94189152738487
5540,94.30664592918298
5547,93.86906805281872
5548,110.53563480093614
5550,77.83370608808518
5551,93.93920523533679
5554,109.04934529931249
5555,94.51365167819141
5559,109.79508232444212
5560,93.1410640454875
5561,111.10708154048143
5562,89.13454010175887
5563,111.42506252023202
5565,78.40701694980541
5566,94.36028446293935
5567,103.68150452358068
5568,94.68136028241999
5572,95.09651580383719
5574,95.4635489282402
5576,93.6940213840063
5579,111.0992752128191
5580,78.67325247444965
5581,94.76437681148973
5583,93.44621191158646
5584,109.95925489943978
5586,110.35144810883104
5587,93.72498330754415
5589,104.43768810218002
5591,104.88758914932839
5592,93.86149772061825
5593,112.62923735237516
5594,94.8227051005561
5595,78.52148774656851
5596,111.49973761565123
5597,110.48070783122087
5598,115.38353646406928
5599,94.92377683435333
5602,111.4069490670565
5603,94.8227051005561
5605,93.67307067580744
5607,93.15929928092015
5608,110.5458234954797
5609,89.95647632074817
5610,93.2989021943403
5612,94.93242212511335
5613,110.97837145710135
5614,91.94950252627503
5616,94.39049399384652
5621,95.50515382922491
5623,94.45691062642682
5628,114.47025229670491
5629,95.46951345150552
5631,96.54017220697295
5633,96.12816631719357
5638,104.54162233960416
5639,94.19606368175525
5640,106.73836394637333
5645,94.66742588242846
5646,79.06638238152813
5649,89.91169574477502
5653,109.74055216962662
5655,110.59740976546883
5656,94.38495365260285
5658,95.93002184895307
5662,116.08995516981372
5663,92.81363309187265
5667,94.77413075325805
5670,94.92377683435333
5671,104.43768810218002
5672,94.59719502006202
5673,105.76745059045486
5674,94.34553324093214
5675,106.19883433715927
5676,94.93915223128728
5679,111.64239950325862
5683,109.4389296175245
5687,94.8227051005561
5688,77.8857508543992
5690,94.15509804018798
5691,110.62220638991003
5692,92.25360235497307
5693,113.9789234950428
5694,95.16243636856137
5697,110.08018563819228
5698,92.68044759122981
5699,111.64239950325862
5704,93.81704703005434
5707,111.64239950325862
5709,104.08524173097956
5710,94.45982325863
5714,94.3713702893884
5718,93.92453689979762
5721,93.65014940917328
5723,92.4840397887998
5724,111.75574513222458
5725,93.93777363549128
5726,110.56525339832771
5729,96.14170353591349
5730,104.69871752069794
5731,93.81704703005434
5733,77.97470716752491
5736,94.27678747435968
5741,105.3711872633525
5745,110.59740976546883
5747,95.01157219776701
5748,105.45411638853251
5750,109.67938071481325
5751,93.78922839431019
5752,95.43049768443225
5754,93.93920523533679
5755,93.00852972537041
5757,93.950516692316
5758,116.09065010378534
5760,105.71494767794263
5762,105.7739532183004
5766,109.64645843710794
5768,95.9990416483061
5769,116.14522750650086
5770,94.23911692397236
5771,110.27913883387382
5772,92.74466970872633
5773,112.20083387228955
5774,94.57284306739975
5776,92.69009385440457
5777,111.64239950325862
5778,90.2261597634488
5780,111.50222497954884
5782,94.22640342331793
5783,77.83045389743734
5784,95.9990416483061
5786,95.25706753522012
5788,95.48471321892495
5789,110.57658861873352
5790,94.92377683435333
5791,105.86439164259204
5793,105.76974847167051
5794,93.3551118950412
5796,115.38353646406928
5797,94.02076798852863
5801,94.1197529248563
5803,94.8227051005561
5804,109.759109721194
5805,94.93242212511335
5806,77.8857508543992
5808,110.39297291332875
5813,93.67438514244697
5815,95.75324957962258
5816,106.1308220231709
5822,93.97815043003895
5823,111.81269163083974
5825,103.2508756184026
5827,109.81081511033777
5829,104.43768810218002
5830,95.06887507236188
5831,110.05523020937426
5832,91.95237862901975
5833,110.39297291332875
5837,114.47025229670491
5838,94.50326644521242
5839,95.71801415988682
5842,106.73836394637333
5844,109.35747018009064
5845,103.96638797046491
5846,110.0569924264422
5848,77.97473178779964
5850,111.23746609052371
5851,93.04818977747958
5853,95.9990416483061
5854,104.36039484666183
5858,106.73836394637333
5860,108.56568545338209
5864,105.67965277279987
5866,95.3561176335991
5867,111.64239950325862
5868,89.86970027625117
5869,109.76204035994535
5870,93.5046219677736
5871,110.96368567374519
5874,110.45474787786144
5876,109.51705376617126
5877,92.26513433258408
5878,92.14309928259684
5879,110.45474787786144
5880,88.69400575740544
5884,93.5086619981991
5886,110.44061898411496
5890,99.19468320135147
5896,94.86200186982065
5897,105.25624971806651
5898,95.9990416483061
5901,105.00317465972299
5903,111.49973761565123
5906,93.2989021943403
5908,111.81269163083974
5909,92.7943997641948
5910,110.97837145710135
5911,93.67438514244697
5912,110.16239292386372
5914,110.45474787786144
5919,111.67002974323235
5924,92.89337643810933
5926,93.77698043728226
5929,103.67359334454723
5930,93.82437919444953
5932,95.52524854582789
5933,111.95772283531355
5934,90.29842592932461
5935,110.50210062125375
5936,90.13221994768492
5937,111.1655389380775
5938,93.76675649545
5939,111.62298055587014
5942,110.35929986414402
5943,94.45805579733332
5944,105.6921371519722
5946,111.64239950325862
5951,92.14537264677779
5953,105.69086084645934
5954,93.56615543425168
5957,104.48866496809603
5961,95.22038433811466
5962,106.86609591050942
5964,80.42771675301543
5965,95.03266163224497
5968,110.34651816966617
5969,90.60526977812538
5974,93.19067248614502
5975,109.95535084426744
5978,77.86650207960437
5981,104.48866496809603
5982,97.73632266821474
5983,110.27148834983676
5989,112.1818517866363
5991,94.319080411207
5992,105.83969454313359
5995,97.27079075311303
5996,105.13670801407848
5997,109.64253008735577
5998,93.04780803157297
5999,79.3847788592857
6001,109.04822006084682
6002,91.22533530951435
6003,111.01679764276831
6004,93.56615543425168
6006,110.05416321566844
6007,88.97915283639338
6011,98.66958174238735
6012,105.88032125264864
6014,93.56615543425168
6015,104.37929867581795
6016,94.927280532884
6017,109.10884141719134
6018,95.89081194011082
6024,94.830922523092
6025,105.34400277261938
6026,111.6475154240293
6028,110.47190929253969
6029,77.75476194874452
6030,92.3772890313696
6036,110.34651816966617
6040,94.82419241691808
6041,110.47293456000568
6042,93.43851808457316
6044,94.1308872157771
6045,105.75616193439677
6047,105.75616193439677
6048,93.00008198288224
6049,111.00080362247449
6051,115.275306755874
6052,111.61724154093321
6053,92.19592039146208
6054,109.76790572282961
6058,105.89649982611559
6059,92.26301903136232
6062,95.89081194011082
6063,115.275306755874
6064,103.71392848723004
6065,94.82419241691808
6067,93.41318216913274
6068,111.42428253777408
6070,105.9579399235492
6071,99.27479057513229
6072,110.33238927591968
6080,110.33238927591968
6081,94.78341908271504
6084,106.86609591050942
6087,92.90030001717513
6089,105.63662001131232
6092,110.33238927591968
6094,94.44615458171722
6095,111.39150790745595
6097,112.42536842342908
6100,93.19707754531055
6104,105.35344514029119
6105,93.55902672779706
6106,109.96201779538872
6107,78.19607508418606
6108,87.72056283894054
6109,110.33238927591968
6110,91.08525917999589
6114,110.33238927591968
6116,94.77313567285904
6117,105.86895636843855
6118,95.24438910158639
6123,77.68320842216878
6125,111.39150790745595
6128,107.83689609110084
6130,104.95448120379787
6132,110.51505697361547
6137,77.68320842216878
6139,111.84949312711827
6140,93.1310831266831
6141,112.56803031103647
6142,104.68947336419438
6144,112.13403616297276
6145,96.37477642958108
6146,90.65606070222934
6149,92.71957898273675
6156,95.26039413218334
6159,111.6475154240293
6160,93.1310831266831
6162,103.46251811408084
6164,111.0715299125769
6165,89.61846789770384
6168,77.68320842216878
6169,110.28474320513348
6170,95.71374622245868
6171,111.64237500341017
6172,89.2438706057949
6173,114.50334497822399
6176,96.03347382771821
6177,88.85556499049156
6178,95.2647938840327
6180,95.00114219277914
6181,105.77892113185618
6182,95.70862111975198
6185,93.84671128726679
6186,109.76652619398584
6188,109.82876440356092
6189,93.86824511492458
6192,106.86609591050942
6193,94.35159355043473
6194,105.75616193439677
6195,95.2380034985511
6196,113.96907082079036
6197,93.58828855310202
6201,109.89939491089532
6202,93.19067248614502
6203,110.37167322256023
6204,93.65983857064377
6207,116.0239925426145
6209,92.63399100052814
6210,88.24345815713505
6211,110.98305495088222
6213,110.27778537466774
6216,89.2438706057949
6217,92.73261635831267
6219,94.82419241691808
6222,77.77752114620392
6223,93.72347526510796
6235,96.03347382771821
6240,94.07113479490239
6242,95.40932373610747
6247,94.23730353273687
6251,110.50870827320138
6254,111.51766104341479
6255,95.82227240544532
6260,104.37328352900523
6261,93.70881732185907
6262,106.26912126324434
6264,111.21143520389539
6269,104.91753532705448
6271,106.34033320101508
6275,109.46508669489465
6276,91.89987598700445
6278,95.61862148178977
6279,110.48918005727356
6281,111.88023458032893
6284,93.66919285302338
6286,95.3829873747717
6287,77.73937504512463
6288,94.54351771214267
6292,92.41031331980868
6293,93.65746043174897
6295,94.85905500011499
6298,110.19682510327583
6300,108.89861348581917
6304,105.92158301946357
6308,110.19682510327583
6310,95.36347825503857
6312,110.33238927591968
6320,93.70881732185907
6324,92.72988046130985
6325,110.46444177973764
6330,94.92288537222213
6336,109.80612789629508
6340,106.46568411392141
6341,96.03347382771821
6342,106.70663676930232
6344,93.37419695791641
6345,111.04638853422273
6347,110.42740509274087
6348,92.58887598039702
6349,110.19682510327583
6351,77.77752114620392
6353,110.8788446235214
6354,93.46673977817188
6357,95.37072699331574
6358,105.70707914182472
6360,103.41625230878574
6363,114.36202258850963
6364,92.19592039146208
6368,111.53928571583403
6370,90.69490832545124
6371,93.65260863642816
6377,93.00560201608963
6379,93.66734854657308
6381,93.63014933172128
6382,77.66929143800866
6383,110.31917538454559
6388,109.7087426127221
6390,110.0497769108404
6392,104.22122868578947
6393,94.60185257407474
6395,95.5749960641061
6398,105.21368972751337
6401,77.66929143800866
6402,93.43543601217476
6403,110.61925015310341
6405,93.02245152907076
6406,92.1006959389579
6407,111.42594008686805
6409,105.79059411380888
6411,91.09290199226011
6413,94.1684942362123
6416,106.26858500357666
6417,92.74834388166857
6418,92.68904112525647
6419,115.87349575342317
6420,108.87573802448635
6426,110.48943727207967
6429,92.41499296993716
6430,94.26612303969885
6431,110.61925015310341
6432,92.52576129233287
6434,96.89839025354422
6437,110.38095034907828
6438,95.44049507827849
6439,103.67500848421365
6440,95.28486670938794
6441,92.96351209454461
6442,110.2241595677244
6443,90.51109580486997
6445,94.79511278137645
6448,111.59623221444919
6450,110.10883427010597
6453,95.5398886832118
6455,92.97312251863823
6457,93.08244277794975
6458,110.51254503171867
6461,94.94597695217082
6464,110.26132395337935
6467,93.68531828594766
6469,95.79549681655158
6470,77.33546696029661
6471,93.02285341848781
6473,103.57318563980702
6474,94.14493013828753
6479,95.04779979657745
6481,91.20113292035678
6484,110.14003934732315
6495,94.26782368570132
6496,109.33267707740723
6505,109.33408161771224
6506,98.13917299916956
6508,95.92524411952294
6509,94.1757498742177
6510,105.79059411380888
6512,104.38043525990075
6513,93.60058761366379
6514,110.32118482374696
6515,93.53896999467167
6519,95.30076694176212
6521,93.91173261869599
6523,77.61724667169463
6525,106.52190452998278
6526,95.13816514130156
6528,95.26863096604868
6529,110.93033406282731
6531,104.89259386662268
6533,106.75786620231413
6534,93.9219613621737
6535,111.42594008686805
6536,92.2088098616638
6537,110.78167759342085
6540,93.00341290400844
6541,110.31917538454559
6547,95.11215462991937
6548,110.55344047839135
6551,110.96215103039188
6553,109.38610264047661
6555,106.75786620231413
6556,95.92524411952294
6561,77.75824775113436
6564,92.24814704829649
6565,111.42594008686805
6568,94.79511278137645
6569,110.2241595677244
6573,103.86595849185048
6574,94.94597695217082
6577,110.4252548570561
6579,114.25379288031435
6581,90.4970400699301
6582,110.61925015310341
6585,105.93164481139924
6586,95.45694291220038
6589,106.01138401263391
6590,77.61724667169463
6593,92.59503391735585
6594,109.05049991508622
6595,92.00942905485473
6599,89.41528004017336
6600,92.55829905183532
6601,111.7506634245183
6602,92.0876906832668
6603,111.59623221444919
6604,95.6055165142634
6607,103.6589514640344
6608,107.01536209059881
6609,94.76831625658679
6611,92.3953048801581
6613,110.2241595677244
6614,93.20666648969068
6616,92.3994863871828
6617,110.2241595677244
6618,93.4579257260564
6619,104.51505509183745
6621,106.75786620231413
6627,104.99919756230481
6629,108.98406530496493
6631,77.75827237140909
6634,95.62838449307537
6636,93.60058761366379
6638,94.79511278137645
6639,110.2241595677244
6641,111.59623221444919
6642,95.4061110030259
6651,113.32309480584021
6654,77.70325119828794
6657,96.61196814019809
6663,89.3860728781784
6665,109.43499926393066
6666,89.56164934424186
6668,93.4579257260564
6669,106.75786620231413
6670,95.08323775216527
6671,93.84218381620668
6673,94.43528800394739
6675,93.07251959767252
6676,77.66929143800866
6677,94.29262611634002
6679,94.30652487140578
6680,110.95707466003343
6681,105.79059411380888
6685,105.64793222620149
6688,93.67392108319413
6689,91.9076062104481
6690,109.70120965227001
6692,110.2241595677244
6693,92.92288148497353
6694,94.3031838275155
6698,115.91576283441921
6699,94.43063893350802
6700,109.2128736881647
6701,93.08244277794975
6702,110.16799761244803
6704,91.9076062104481
6707,109.38610264047661
6712,111.4535703268418
6713,93.37498317054009
6715,93.61503605891568
6721,109.14193945280823
6722,94.7159627087228
6723,110.2383704258283
6724,93.45107137806896
6725,115.87349575342317
6731,109.95304665061352
6735,95.16990117809841
6736,93.61503605891568
6737,107.01562992094811
6738,96.16034974130454
6739,105.40814405260143
6741,104.641007837394
6743,92.91285720330438
6745,93.4579257260564
6747,110.33441775903947
6749,93.77871366200475
6750,104.4784189247114
6751,115.87419068739479
6752,95.15543436124966
6753,110.2241595677244
6755,113.97487050902643
6756,93.86958709778308
6757,103.42447128609241
6759,111.96440623681983
6761,92.48904436137923
6763,93.02285341848781
6764,115.92876809011031
6765,93.86355696589528
6766,109.65271234126239
6768,109.94593350747317
6771,91.9076062104481
6773,94.28705970800135
6774,93.69428049014992
6778,106.28932507002337
6779,95.08581434202605
6781,88.54920393418409
6784,94.78442727268721
6786,92.58059698209142
6787,109.15961177032919
6790,90.43922271830297
6793,105.27709201139652
6795,110.11592985952913
6798,110.69011962114963
6806,106.17521177622754
6807,94.25552557686609
6810,93.85981822916241
6815,109.69528044004707
6816,91.43522530274736
6817,105.08344071326508
6818,94.5990877097675
6819,105.53970251800622
6820,93.98718212026141
6822,90.25749239528768
6823,115.05884733948345
6824,110.06828378874292
6825,91.70861371415387
6828,77.71181762774651
6829,109.66962703355013
6831,108.44079063510821
6832,93.12403870853367
6833,108.66544764512027
6834,92.91462371029255
6836,92.88778229137202
6837,111.34534061864652
6838,91.55444963455363
6840,105.32855491774384
6843,91.9316691422869
6845,91.69413719985675
6846,92.96495658656656
6847,108.66544764512027
6851,109.58414054562468
6852,94.21117828977926
6853,110.37319288371805
6858,95.48009344890016
6861,110.66585317159686
6863,111.64243371632303
6864,77.46674900577823
6865,94.59471696941331
6866,111.34534061864652
6867,94.70642595583158
6868,106.71867705880784
6869,94.53731274523481
6870,110.06828378874292
6874,109.69528044004707
6875,92.89022427797411
6877,109.83770379927789
6878,90.25117065392783
6880,93.4017170406255
6883,110.29297032146887
6884,92.16415765537948
6886,95.39111165938705
6890,94.47789519913819
6893,109.71528078669591
6894,90.58347598839056
6899,109.83770379927789
6900,90.68612332276777
6904,93.63012716884094
6905,109.98903625691474
6906,89.0546885955822
6910,90.08246783511272
6912,105.8205943123902
6913,112.67259241208843
6920,92.93600099116634
6922,92.58996344494176
6923,110.11592985952913
6926,94.4015592979664
6927,108.97461549908209
6928,88.47754752152173
6931,110.41442765464492
6933,93.87259417656354
6936,89.23402889169591
6937,111.34534061864652
6939,111.84567484272844
6941,92.80462749510912
6942,110.83213381452208
6943,93.360036282546
6944,103.71895112508591
6945,95.0688958918625
6946,110.01817103158183
6947,115.05884733948345
6949,104.49330354964223
6951,104.47704698002838
6953,110.7834024728287
6954,92.97421306975447
6955,110.31993226340067
6963,110.75904185151725
6964,90.87806747735279
6966,93.4337055523195
6968,92.75892835194628
6970,105.56246171546563
6972,113.89930625604104
6976,111.97628217805912
6978,111.34534061864652
6981,105.29374550823405
6985,103.96639601689711
6986,93.81044719485637
6987,110.86665791143832
6989,110.42564191757658
6991,115.05884733948345
6993,113.1652110161042
6994,94.36481460892333
6995,109.83770379927789
6996,94.24546110312858
6997,110.1300587532756
6998,78.88087791622402
7001,110.61637996390986
7003,111.53659911640662
7006,94.67607799675953
7008,100.84441357921794
7010,91.69413719985675
7011,93.71026281734481
7012,112.06159196299457
7013,92.21877624898599
7014,110.21810259768364
7017,105.97699359433625
7018,93.34969601786113
7019,91.39772290058826
7023,95.13806777050945
7024,105.10375733898206
7025,93.5993301141287
7026,111.20782312138353
7027,93.07675270660556
7028,113.78336555452248
7030,110.11592985952913
7031,90.4414968314633
7033,109.93889060019453
7036,93.57280750512308
7037,95.80916921499804
7039,93.61308451090545
7044,92.3767432543908
7045,111.34534061864652
7046,93.22541697292064
7049,106.04983624304649
7050,97.93754660198353
7051,105.56246171546563
7054,110.21699596312313
7055,92.93717906236606
7057,93.56121180115865
7060,109.83770379927789
7061,95.67435252372027
7063,88.44097422598881
7064,109.23112537263864
7067,93.4017170406255
7071,93.88870274237993
7074,102.96195094696728
7075,93.90134607079577
7078,111.34534061864652
7079,91.79937650225283
7080,111.26120310452634
7081,94.23545139821492
7082,111.1750484910654
7083,89.35411188312503
7085,111.42937100387508
7092,105.53970251800622
7094,94.74461165789151
7100,92.53687269138126
7101,110.03237191209743
7102,111.34534061864652
7104,111.21472747083217
7105,95.67435252372027
7106,93.52161973077347
7107,104.12150160842741
7108,77.58073295803491
7109,92.59550993265061
7110,111.34534061864652
7112,94.2526878410851
7113,105.68236440561361
7114,93.98059929216507
7116,111.1750484910654
7117,95.81701441132766
7118,104.79006689462419
7120,94.37476277317674
7121,105.43514572189221
7123,105.12167323750376
7124,95.97017113452438
7127,110.15405319123445
7131,105.1565645156263
7132,94.5990877097675
7133,91.69413719985675
7134,109.41894895383064
7135,91.62313621383313
7136,110.32350756848592
7137,93.5678968717753
7141,93.22205866818261
7144,105.68236440561361
7147,109.3777650393873
7148,94.39368548000608
7150,92.43298707602807
7151,94.37476277317674
7152,105.56561089966436
7154,94.22864605927728
7156,95.42856045503675
7157,104.74532507065369
7159,115.05884733948345
7161,95.54460522074892
7163,94.04627849197257
7164,105.31666663350991
7167,77.56106172981337
7169,104.87228176247608
7170,94.94054796443915
7173,94.68563660947616
7174,105.09320862111258
7177,109.79876138052182
7178,104.04545966384433
7179,94.65724795919917
7180,78.80379779715126
7181,110.1300587532756
7182,92.494040853042
7184,93.49235790546851
7185,110.272720640883
7186,91.02781254008885
7187,113.8952732920072
7188,92.43391856659493
7189,110.86611666862206
7191,102.96195094696728
7193,110.47371807630248
7197,95.20081360772987
7199,93.03307683460419
7200,111.1750484910654
7201,91.62313621383313
7204,91.11976780030227
7207,109.00864966318147
7209,111.64243371632303
7210,94.70155967318618
7211,105.94271791055567
7213,93.32665413803798
7214,110.1300587532756
7216,110.1300587532756
7217,93.02099094936531
7220,109.98036568688528
7224,110.11592985952913
7225,92.97984677101242
7226,110.1300587532756
7227,93.7348597241444
7234,110.272720640883
7236,94.7614924094006
7239,103.90321595939861
7240,94.34121192047695
7242,113.89467157631641
7244,110.2538523803077
7245,90.42322525743091
7247,109.85278852523625
7248,89.43472784121339
7249,114.95061763128817
7250,110.49606133294921
7251,92.94540672591074
7252,110.55142065083231
7253,77.35851929758294
7256,94.36054221741011
7260,92.80639400209726
7261,110.81108609248949
7264,95.32965793904144
7269,111.32282629944346
7270,92.03977930603895
7273,109.87213597869
7279,88.80620660336876
7281,110.16449093268773
7284,93.52189746064566
7285,110.85862273676484
7286,114.95061763128817
7287,90.74258345621834
7289,93.38412819727324
7292,94.06052529426718
7293,111.37977279805864
7296,94.07291538602668
7297,110.34545781143936
7298,92.57703592272007
7299,111.58253722553157
7301,104.81201888949265
7304,110.47757917344325
7306,118.9027164034327
7308,93.38412819727324
7309,104.82841530874344
7312,93.80998809614594
7313,77.35851929758294
7314,93.75090191926061
7316,89.42612675548446
7319,114.03398092608232
7321,93.91689460354038
7323,94.62163650255093
7324,105.29876730452325
7325,93.92927562236234
7328,103.3271766659258
7330,77.4528320216181
7334,93.92927562236234
7337,110.16449093268773
7338,95.9314578771432
7339,90.64929313216334
7341,89.46581001588446
7342,110.16449093268773
7344,110.46975772391916
7345,110.84306293447142
7347,110.36548836810721
7349,110.16449093268773
7350,94.24122688338278
7353,110.2734731195444
7355,109.88497255957932
7356,92.78004774472937
7357,111.53998372562478
7358,94.5331033932914
7360,93.60606770274379
7363,106.15161007569918
7364,94.50623339850617
7366,92.74203968028118
7368,94.85317206377903
7369,109.35035410199767
7370,92.42332889831665
7373,93.09096321755534
7374,110.3929929758596
7375,94.921705724911
7377,94.74235944678645
7379,89.53603328739857
7380,115.71230867371976
7382,110.76589566920113
7383,92.6690211440075
7385,95.31994286858612
7386,104.10870350682306
7391,95.728822849674
7394,105.94582433404157
7396,110.49606133294921
7397,93.35858091101285
7399,94.64053660237983
7400,104.90418408387076
7403,77.35851929758294
7405,109.21564200270275
7408,110.86725171166255
7414,111.53420400812774
7416,105.1070655615443
7417,94.8547631034918
7419,93.4018118114242
7420,107.07114986516865
7421,94.56072703239059
7422,94.50623339850617
7423,105.36415465098855
7425,77.40078725530407
7430,94.35110746256592
7432,94.5786533649859
7433,94.04338084142242
7434,109.71394851295753
7436,109.94009385593827
7437,93.42358845872906
7438,105.75122887363892
7440,105.7225802570795
7441,93.8395274478256
7442,110.40153963800864
7445,110.11290466269858
7446,103.3271766659258
7448,109.62595811263859
7450,102.38441441983326
7451,93.38412819727324
7454,110.00166875338162
7455,92.39626612702835
7457,108.56413898806655
7459,103.3271766659258
7462,91.54175669217508
7464,93.38412819727324
7465,109.21853984754011
7466,91.53679212088927
7467,109.21667129866991
7469,110.51523975743912
7472,94.25658490072806
7473,110.00770015133385
7479,93.92927562236234
7480,104.52773572905436
7484,109.2194450457283
7491,93.99439128662117
7494,105.6937903250886
7495,94.921705724911
7501,90.71361977623891
7503,93.36500216945085
7504,105.57413469741833
7505,95.38905709787285
7508,110.14668738139542
7509,91.65299407149917
7510,77.35851929758294
7511,111.32282629944346
7515,93.96938537267056
7516,107.07570600627501
7517,94.02835980320015
7518,106.34225472210835
7519,93.99439128662117
7521,96.72225180941558
7522,102.853721238772
7524,104.38942880794083
7526,104.92093344592449
7527,95.30785747206119
7528,104.70841199788812
7529,95.12350249346181
7534,109.97003536892191
7537,111.42625827044118
7538,93.33952766504761
7540,93.7482591372482
7541,111.01499573980941
7545,110.10271596815504
7551,112.56436270389317
7553,93.07456868878478
7554,104.11992534822309
7555,95.04991539918464
7561,110.52377984048624
7562,92.97161124177818
7564,93.43704730290617
7565,106.32170168320609
7566,94.62318778399992
7567,113.40821433335121
7569,104.61812096492035
7570,96.18249134250067
7571,113.10663538944966
7572,88.24138159044958
7574,103.40579957728022
7578,110.22882114783805
7579,93.0717031349925
7586,94.36734059632323
7587,78.48211356787583
7590,94.0496636233083
7593,110.00770015133385
7594,94.79751914881183
7595,94.62318778399992
7600,93.51584238182669
7601,79.26001868278914
7602,92.86598336155919
7603,109.95899598656533
7604,93.57761734635938
7606,92.5410464946107
7608,112.56436270389317
7613,77.35851929758294
7615,109.59869678839057
7616,109.96610436732045
7617,115.04285446442694
7618,95.30785747206119
7619,105.45423200727035
7622,94.00793213911078
7623,104.86059063583693
7624,95.56013133235855
7625,105.3305929707498
7626,93.07456868878478
7627,105.0156862396723
7628,77.61061315851175
7631,104.92323821086391
7632,105.43147280981094
7633,94.92957310883642
7634,116.14690945106778
7635,93.11382895998733
7636,110.02182904508034
7637,110.02182904508034
7639,93.42686144842624
7640,77.4528320216181
7644,111.06681878287012
7645,92.86598336155919
7648,105.17211948779301
7649,95.13925910879581
7650,109.96005408054765
7652,109.21853984754011
7653,89.37757425253274
7655,91.6003840059586
7659,109.73773136382748
7662,95.09347448639323
7664,92.69639778691383
7666,95.92074677005193
7668,94.36594123032869
7669,110.84029309459719
7670,95.73841048976749
7672,94.83388018901418
7673,109.4184337318786
7678,93.4759237331939
7679,77.82103420216202
7680,106.54140678592358
7683,92.18009415311009
7685,114.95061763128817
7688,93.24146630966585
7690,109.96610436732045
7692,94.06572223042485
7693,96.12760498720993
7695,110.16449093268773
7696,94.9930366687147
7698,93.04091049159888
7699,109.00813305548097
7702,88.69128568838386
7703,110.02182904508034
7704,95.30406827437668
7707,111.32282629944346
7713,77.53528570689826
7715,105.46947934110696
7717,108.92305107843357
7718,94.29077428818428
7719,106.3024214218254
7721,111.67659558972018
7722,94.48996653944103
7725,104.17505927797295
7727,102.27814554593554
7730,78.23072759048648
7733,92.13645345815277
7735,104.03120352356446
7740,109.91359933688506
7741,110.73244409255527
7742,90.72367129101848
7744,110.56124009221475
7747,94.88480696051943
7750,77.2925575471088
7752,109.80574194405189
7754,111.00134545157327
7756,105.45098506936479
7757,94.58473773815933
7758,104.6460849497206
7760,106.4331770777283
7761,94.60363783798824
7763,109.08142124105274
7765,93.67838402655967
7767,109.91359933688506
7768,95.04914311595806
7771,95.00699057669682
7773,92.53194546354256
7774,111.94568069439346
7776,106.56526267368011
7779,93.87571564375946
7783,89.01390540753512
7786,108.08258648537878
7787,93.88170603025092
7789,93.41965642205122
7791,95.01527278526653
7793,94.85879644913724
7794,110.21834356922596
7795,90.83780474268896
7799,77.25028958938768
7800,109.13660738815179
7802,96.35907316578817
7805,110.22275388016801
7807,104.82317360773023
7808,96.685353045024
7811,104.27684413325169
7817,109.85787465912519
7818,105.32324310161566
7819,93.13323660147057
7822,93.57121048257072
7823,108.99557028622948
7825,109.71217098058914
7828,90.5802304784591
7832,92.69816429390198
7833,77.46609638605099
7834,110.34511112497765
7835,94.33940003243268
7837,94.85742635003226
7840,93.19509380372794
7842,91.90379617797497
7843,108.59490027023362
7844,93.88064366949226
7846,94.60363783798824
7850,93.37188643776099
7853,111.27154308986336
7855,112.45613299569789
7858,93.51235145528182
7863,109.5601919504533
7865,111.12888120225597
7866,88.24891395553757
7868,92.1132583508829
7869,109.58905735331064
7871,77.34460231342283
7872,103.52572639363366
7874,104.55371639174557
7877,109.78754037039525
7878,92.75775365336392
7879,109.25740454211541
7881,91.06853420566628
7883,94.82513481899139
7885,102.79309386882619
7886,92.96633898058951
7889,95.75371171813381
7890,106.84438379103477
7891,94.39157945195569
7893,94.95006854199059
7894,104.78953376591801
7896,109.85182437235237
7898,104.77512012510107
7901,94.88225536282714
7902,110.25725865991193
7904,109.7206275179886
7905,94.47295320994095
7906,116.91860568039017
7909,93.13323660147057
7910,104.75236092764165
7913,90.79871814667055
7918,111.11912726048766
7919,91.40667679744259
7923,88.94226771568641
7925,94.24698311896978
7927,91.98833111904977
7930,92.93386897793857
7932,94.78571558960442
7933,89.7364267188814
7935,95.25436811964224
7939,103.27946837833096
7942,90.24354752414914
7943,111.5818447142844
7945,105.00427536792635
7946,94.74494235558375
7948,94.78746550533354
7949,109.89947044313857
7950,90.48585400056342
7951,109.91359933688506
7955,102.17905110310882
7959,94.3980036903109
7960,109.91359933688506
7961,93.61139407404977
7962,102.9007826756275
7964,102.96503489425464
7965,94.30431575703915
7966,110.95858907467485
7967,104.47036433726859
7968,95.43129424590032
7971,104.02774297715692
7974,91.40667679744259
7976,107.14670706585414
7978,109.5910030408655
7982,109.91359933688506
7983,93.13323660147057
7984,105.32324310161566
7986,93.0508199039141
7989,109.89947044313857
7991,110.25725865991193
7992,110.18932410606702
7993,90.82917362217289
7994,111.12888120225597
7995,92.69816429390198
7997,94.50670910753279
7998,105.32324310161566
7999,109.85787465912519
8002,93.03866643940036
8007,93.58617470963193
8009,92.83040555198059
8011,93.3189711925884
8013,94.6778268845641
8015,104.96787808858782
8017,111.61162668333414
8019,114.8423879230929
8023,93.73970287478598
8024,110.05626122449245
8026,110.63746190580605
8027,92.43977157430206
8029,93.82981907558202
8030,110.47193630212249
8031,92.89147222360833
8033,93.47783172638533
8035,93.81585811785959
8036,105.0517195528111
8039,103.28697949573602
8042,91.76300155868098
8044,89.24044362066599
8046,79.32222716438713
8048,111.19314559272695
8049,94.47295320994095
8050,105.2767076148256
8053,92.2574488127331
8054,92.83253387358769
8059,93.12610789501595
8061,93.02864982396942
8062,109.79552101531497
8064,109.76390627049473
8066,106.99706059458528
8067,94.14835519253278
8068,95.63172556568077
8070,93.99394750313637
8071,111.10125096228222
8072,92.05895652965255
8076,92.79228876942676
8080,89.96214843887651
8081,109.59391054910904
8084,98.94779335752283
8087,111.04798710298857
8089,90.15719375241602
8090,115.60407896552448
8091,104.41950602085907
8094,112.84869985471066
8100,89.3673342494575
8101,94.98258044502184
8110,94.54502987293561
8111,110.25725865991193
8112,94.03031217184028
8115,111.17508464219044
8116,93.61684721744638
8118,109.76390627049473
8121,115.54880662883734
8125,108.83100480374281
8127,109.9062412505514
8128,92.68968527629625
8129,110.25725865991193
8131,95.0223637047643
8138,95.19962776386592
8139,105.50381994733313
8140,93.12610789501595
8141,92.53194546354256
8142,108.76171451372093
8143,109.81072914857454
8145,110.63746190580605
8146,92.91582147632887
8148,111.42597429993246
8153,110.8151234165733
8154,88.87490758769798
8155,109.2705130440794
8161,94.9240580306084
8162,109.6970029007631
8163,91.54476436330388
8166,108.33792562990767
8168,110.74495724663005
8170,91.17890123018306
8172,110.14902895171666
8173,91.2984470892473
8176,105.3960114384466
8179,92.24770982259176
8181,94.33539742380569
8182,114.62944683277894
8184,108.66323874729397
8190,106.32494736953302
8191,95.39871132555047
8194,110.58784649352846
8196,110.38553061043473
8198,110.40356045193917
8199,111.16331338166808
8201,110.32622785120101
8202,93.03084138003672
8207,94.08785634064859
8208,110.04079924352138
8211,110.17002685309276
8214,110.46006520058583
8217,92.13948011439648
8218,109.72540704249953
8222,93.96880448833993
8229,106.35621027515496
8231,93.69023161674049
8233,95.82257607695804
8236,93.6592562273689
8238,109.8398018081019
8240,104.22210089653083
8243,105.39106162971213
8246,111.63830469971187
8250,89.85993554393337
8254,94.27350712305048
8256,77.12814289703226
8257,109.19806180980049
8258,90.85505109317494
8260,92.91677718508002
8261,110.67083412209256
8263,113.4273205641232
8264,94.95065520824762
8267,108.84115544304476
8268,90.41789433163251
8271,92.22268866178446
8272,110.04079924352138
8275,94.49945957785319
8276,94.68669607450185
8277,106.23437004330425
8278,114.62592850670234
8279,92.86115312825099
8280,109.0573049416116
8281,92.89254145180634
8282,109.44648878795579
8287,110.12598583789429
8288,91.19021738105204
8289,109.78452947141474
8294,92.49645219393757
8296,92.315486047152
8299,109.56103119588431
8302,105.2494455728325
8308,111.28748120678891
8314,103.15698350384471
8315,93.38429274048222
8316,110.42859961635257
8317,93.38970941442247
8319,109.55283711668757
8320,91.34917820162622
8321,115.33234721244679
8323,93.04031304486502
8325,95.54839348633999
8326,110.91636596011104
8328,110.04079924352138
8330,109.24296479142345
8331,92.61607445719714
8332,111.19746790558749
8334,95.35464745228327
8338,91.32830494691333
8339,93.20341626525189
8341,91.37399595345285
8345,110.88479154589167
8346,94.2271677156104
8347,102.5825004148303
8349,94.99047271294312
8351,94.70759861421786
8352,110.87097533051869
8353,110.04079924352138
8355,109.80356919164758
8358,109.64141524273464
8359,109.24296479142345
8360,93.2205178523973
8361,111.60994072012129
8363,103.20666582188008
8364,94.22432912641806
8365,95.14988373542334
8366,105.2494455728325
8370,108.27199974551397
8372,94.73360912560004
8376,94.2969473779651
8377,110.39284431456241
8379,109.95151242408352
8380,88.86355083747365
8381,108.65604472335124
8386,88.4567417143812
8388,103.9041111244613
8389,95.31171161694189
8391,109.48223674427088
8394,94.27350712305048
8396,102.89427979092578
8398,103.32710622115614
8400,110.25995904531793
8401,92.59331525973774
8404,91.37399595345285
8407,94.18154427392035
8408,109.77802684356921
8409,110.08306632451743
8410,103.34056516100334
8411,92.6811082552051
8413,92.18106543868176
8414,108.91235761204406
8416,93.28342012237648
